ae_id,participant_id,event_term,start_date,end_date,severity,serious,related_to_treatment,outcome
AE0001,SUBJ001,Diarrhea,2026-02-07,2026-02-12,MODERATE,N,N,RECOVERED
AE0002,SUBJ002,Nausea,2026-03-31,2026-04-06,MILD,N,N,RECOVERED
AE0003,SUBJ002,Dizziness,2026-04-04,2026-04-10,MODERATE,N,N,RECOVERED
AE0004,SUBJ005,Dizziness,2026-03-31,2026-04-01,MILD,N,N,RECOVERED
AE0005,SUBJ006,Genital fungal infection,2026-03-16,2026-03-19,MODERATE,N,Y,RECOVERED
AE0006,SUBJ007,Fatigue,2026-03-08,2026-03-12,MILD,N,N,RECOVERED
AE0007,SUBJ007,Diarrhea,2026-01-18,2026-01-25,MILD,N,N,RECOVERED
AE0008,SUBJ008,Headache,2026-03-30,2026-04-06,MODERATE,N,N,RECOVERED
AE0009,SUBJ010,Genital fungal infection,2026-02-12,2026-02-19,MODERATE,N,Y,RECOVERED
AE0010,SUBJ011,Genital fungal infection,2026-01-19,2026-01-22,MODERATE,N,Y,RECOVERED
AE0011,SUBJ012,Dizziness,2026-02-02,2026-02-08,MILD,N,N,RECOVERED
AE0012,SUBJ013,Headache,2026-02-05,2026-02-12,MODERATE,N,N,RECOVERED
AE0013,SUBJ013,Genital fungal infection,2026-02-28,2026-03-05,MODERATE,N,N,RECOVERED
AE0014,SUBJ016,Fatigue,2026-02-16,2026-02-19,MILD,N,N,RECOVERED
AE0015,SUBJ017,Nausea,2026-02-23,2026-02-25,MODERATE,N,N,RECOVERED
AE0016,SUBJ017,Genital fungal infection,2026-04-08,2026-04-11,MODERATE,N,Y,RECOVERED
AE0017,SUBJ021,Urinary tract infection,2026-04-02,2026-04-04,MODERATE,N,N,RECOVERED
AE0018,SUBJ024,Headache,2026-03-27,2026-03-31,MODERATE,N,N,RECOVERED
AE0019,SUBJ025,Nausea,2026-03-10,2026-03-11,MODERATE,N,N,RECOVERED
AE0020,SUBJ026,Nausea,2026-02-06,2026-02-10,MODERATE,N,N,RECOVERED
AE0021,SUBJ027,Nausea,2026-03-04,2026-03-11,MODERATE,N,N,RECOVERED
AE0022,SUBJ027,Diarrhea,2026-03-13,2026-03-18,MODERATE,Y,N,RECOVERED
AE0023,SUBJ028,Urinary tract infection,2026-04-05,2026-04-06,MODERATE,N,N,RECOVERED
AE0024,SUBJ029,Fatigue,2026-01-29,2026-02-02,MILD,N,N,RECOVERED
AE0025,SUBJ029,Urinary tract infection,2026-03-03,2026-03-06,MODERATE,N,N,RECOVERED
AE0026,SUBJ030,Dizziness,2026-03-22,2026-03-23,MILD,N,N,RECOVERED
AE0027,SUBJ031,Diarrhea,2026-02-18,2026-02-20,MILD,N,N,RECOVERED
AE0028,SUBJ034,Dizziness,2026-04-21,2026-04-22,MODERATE,N,N,RECOVERED
AE0029,SUBJ034,Diarrhea,2026-03-14,2026-03-21,MODERATE,N,N,RECOVERED
AE0030,SUBJ035,Diarrhea,2026-02-02,2026-02-05,MODERATE,N,N,RECOVERED
AE0031,SUBJ036,Fatigue,2026-03-16,2026-03-18,MODERATE,N,N,RECOVERED
AE0032,SUBJ036,Nausea,2026-02-08,2026-02-15,MILD,N,N,RECOVERED
AE0033,SUBJ038,Headache,2026-02-27,2026-03-04,MILD,N,N,RECOVERED
AE0034,SUBJ038,Fatigue,2026-01-26,2026-02-02,MILD,N,N,RECOVERED
AE0035,SUBJ043,Dizziness,2026-02-08,2026-02-12,MODERATE,N,N,RECOVERED
AE0036,SUBJ044,Nausea,2026-03-17,2026-03-23,MILD,N,N,RECOVERED
AE0037,SUBJ045,Diarrhea,2026-02-14,2026-02-18,MILD,N,N,RECOVERED
AE0038,SUBJ045,Nausea,2026-03-14,2026-03-17,MILD,N,N,RECOVERED
AE0039,SUBJ047,Fatigue,2026-03-15,2026-03-19,MILD,N,N,RECOVERED
AE0040,SUBJ048,Fatigue,2026-03-22,2026-03-27,MODERATE,N,N,RECOVERED
AE0041,SUBJ048,Nausea,2026-01-25,2026-01-28,MILD,N,N,RECOVERED
AE0042,SUBJ049,Urinary tract infection,2026-02-03,2026-02-06,MODERATE,N,N,RECOVERED
AE0043,SUBJ051,Diarrhea,2026-04-05,2026-04-09,MODERATE,N,N,RECOVERED
AE0044,SUBJ053,Genital fungal infection,2026-03-25,2026-04-01,MODERATE,N,Y,RECOVERED
AE0045,SUBJ053,Nausea,2026-03-08,2026-03-12,MILD,N,N,RECOVERED
AE0046,SUBJ054,Dizziness,2026-02-22,2026-02-26,MODERATE,N,N,RECOVERED
AE0047,SUBJ055,Fatigue,2026-04-12,2026-04-18,MILD,N,N,RECOVERED
AE0048,SUBJ056,Fatigue,2026-03-22,2026-03-26,MILD,N,N,RECOVERED
AE0049,SUBJ058,Urinary tract infection,2026-02-05,2026-02-07,MODERATE,N,Y,RECOVERED
AE0050,SUBJ062,Urinary tract infection,2026-03-31,2026-04-07,MODERATE,N,N,RECOVERED
AE0051,SUBJ063,Fatigue,2026-02-18,2026-02-23,MILD,N,N,RECOVERED
AE0052,SUBJ063,Fatigue,2026-02-08,2026-02-10,MILD,Y,N,RECOVERED
AE0053,SUBJ064,Headache,2026-02-20,2026-02-26,MODERATE,N,N,RECOVERED
AE0054,SUBJ065,Headache,2026-03-22,2026-03-29,MODERATE,N,N,RECOVERED
AE0055,SUBJ065,Nausea,2026-03-02,2026-03-04,MODERATE,N,N,RECOVERED
AE0056,SUBJ066,Diarrhea,2026-02-11,2026-02-18,MODERATE,N,N,RECOVERED
AE0057,SUBJ067,Headache,2026-04-16,2026-04-18,MILD,N,N,RECOVERED
AE0058,SUBJ068,Diarrhea,2026-01-18,2026-01-25,MODERATE,N,N,RECOVERED
AE0059,SUBJ068,Dizziness,2026-03-25,2026-03-29,MILD,N,N,RECOVERED
AE0060,SUBJ069,Diarrhea,2026-03-12,2026-03-14,MILD,N,N,RECOVERED
AE0061,SUBJ070,Genital fungal infection,2026-03-18,2026-03-21,MODERATE,N,N,RECOVERED
AE0062,SUBJ071,Diarrhea,2026-03-12,2026-03-17,MILD,N,N,RECOVERED
AE0063,SUBJ071,Urinary tract infection,2026-02-17,2026-02-23,MODERATE,N,N,RECOVERED
AE0064,SUBJ074,Dizziness,2026-02-04,2026-02-05,MILD,N,N,RECOVERED
AE0065,SUBJ074,Diarrhea,2026-04-05,2026-04-09,MILD,N,N,RECOVERED
AE0066,SUBJ075,Fatigue,2026-02-13,2026-02-20,MODERATE,N,N,RECOVERED
AE0067,SUBJ078,Nausea,2026-03-17,2026-03-21,MODERATE,N,N,RECOVERED
AE0068,SUBJ079,Dizziness,2026-04-10,2026-04-17,MODERATE,N,N,RECOVERED
AE0069,SUBJ080,Headache,2026-03-25,2026-03-26,MODERATE,N,N,RECOVERED
AE0070,SUBJ080,Diarrhea,2026-04-11,2026-04-17,MODERATE,N,N,RECOVERED
AE0071,SUBJ081,Genital fungal infection,2026-03-20,2026-03-27,MODERATE,N,Y,RECOVERED
AE0072,SUBJ082,Nausea,2026-03-03,2026-03-10,MILD,N,N,RECOVERED
AE0073,SUBJ082,Diarrhea,2026-02-23,2026-02-26,MODERATE,N,N,RECOVERED
AE0074,SUBJ083,Diarrhea,2026-02-11,2026-02-14,MILD,N,N,RECOVERED
AE0075,SUBJ083,Genital fungal infection,2026-03-28,2026-03-30,MODERATE,N,N,RECOVERED
AE0076,SUBJ085,Diarrhea,2026-02-02,2026-02-08,MODERATE,N,N,RECOVERED
AE0077,SUBJ086,Fatigue,2026-03-21,2026-03-27,MODERATE,N,N,RECOVERED
AE0078,SUBJ087,Headache,2026-03-11,2026-03-15,MODERATE,N,N,RECOVERED
AE0079,SUBJ090,Genital fungal infection,2026-02-26,2026-03-02,MODERATE,N,N,RECOVERED
AE0080,SUBJ092,Urinary tract infection,2026-03-13,2026-03-15,MODERATE,N,N,RECOVERED
AE0081,SUBJ094,Diarrhea,2026-04-15,2026-04-21,MODERATE,N,N,RECOVERED
AE0082,SUBJ094,Diarrhea,2026-02-15,2026-02-19,MODERATE,N,N,RECOVERED
AE0083,SUBJ096,Dizziness,2026-02-14,2026-02-20,MODERATE,N,N,RECOVERED
AE0084,SUBJ097,Diarrhea,2026-01-31,2026-02-04,MILD,N,N,RECOVERED
AE0085,SUBJ097,Nausea,2026-01-27,2026-01-28,MODERATE,N,N,RECOVERED
AE0086,SUBJ098,Genital fungal infection,2026-03-20,2026-03-23,MODERATE,N,N,RECOVERED
AE0087,SUBJ099,Genital fungal infection,2026-03-18,2026-03-20,MODERATE,N,N,RECOVERED
AE0088,SUBJ101,Diarrhea,2026-03-19,2026-03-20,MILD,N,N,RECOVERED
AE0089,SUBJ101,Dizziness,2026-04-03,2026-04-09,MODERATE,N,N,RECOVERED
AE0090,SUBJ102,Fatigue,2026-02-27,2026-03-06,MILD,N,N,RECOVERED
AE0091,SUBJ104,Genital fungal infection,2026-03-18,2026-03-23,MODERATE,N,N,RECOVERED
AE0092,SUBJ104,Headache,2026-03-12,2026-03-14,MODERATE,N,N,RECOVERED
AE0093,SUBJ105,Diarrhea,2026-04-23,2026-04-28,MODERATE,N,N,RECOVERED
AE0094,SUBJ105,Diarrhea,2026-03-07,2026-03-13,MODERATE,N,N,RECOVERED
AE0095,SUBJ106,Genital fungal infection,2026-02-14,2026-02-15,MODERATE,N,N,RECOVERED
AE0096,SUBJ106,Genital fungal infection,2026-02-27,2026-03-06,MODERATE,N,N,RECOVERED
AE0097,SUBJ107,Fatigue,2026-02-05,2026-02-08,MODERATE,N,N,RECOVERED
AE0098,SUBJ107,Fatigue,2026-01-14,2026-01-20,MODERATE,N,N,RECOVERED
AE0099,SUBJ108,Fatigue,2026-02-18,2026-02-22,MILD,Y,N,RECOVERED
AE0100,SUBJ110,Diarrhea,2026-02-02,2026-02-03,MILD,N,N,RECOVERED
AE0101,SUBJ111,Headache,2026-02-09,2026-02-16,MODERATE,N,N,RECOVERED
AE0102,SUBJ112,Genital fungal infection,2026-02-07,2026-02-11,MODERATE,N,N,RECOVERED
AE0103,SUBJ113,Dizziness,2026-03-11,2026-03-13,MILD,N,N,RECOVERED
AE0104,SUBJ113,Nausea,2026-03-20,2026-03-25,MODERATE,N,N,RECOVERED
AE0105,SUBJ114,Dizziness,2026-03-09,2026-03-15,MILD,N,N,RECOVERED
AE0106,SUBJ115,Genital fungal infection,2026-04-07,2026-04-09,MODERATE,N,Y,RECOVERED
AE0107,SUBJ116,Nausea,2026-04-06,2026-04-07,MILD,N,N,RECOVERED
AE0108,SUBJ117,Nausea,2026-02-18,2026-02-25,MODERATE,N,N,RECOVERED
AE0109,SUBJ117,Urinary tract infection,2026-03-23,2026-03-25,MODERATE,Y,N,RECOVERED
AE0110,SUBJ118,Fatigue,2026-02-22,2026-02-25,MILD,N,N,RECOVERED
AE0111,SUBJ119,Diarrhea,2026-03-19,2026-03-22,MILD,N,N,RECOVERED
AE0112,SUBJ120,Genital fungal infection,2026-02-21,2026-02-28,MODERATE,Y,N,RECOVERED
