disposition_id,participant_id,disposition_date,disposition_status,reason
DS0001,SUBJ001,2026-05-03,COMPLETED,COMPLETED STUDY
DS0002,SUBJ002,2026-05-07,COMPLETED,COMPLETED STUDY
DS0003,SUBJ003,2026-05-20,COMPLETED,COMPLETED STUDY
DS0004,SUBJ004,2026-03-16,DISCONTINUED,WITHDRAWAL OF CONSENT
DS0005,SUBJ005,2026-05-12,COMPLETED,COMPLETED STUDY
DS0006,SUBJ006,2026-05-04,COMPLETED,COMPLETED STUDY
DS0007,SUBJ007,2026-04-20,COMPLETED,COMPLETED STUDY
DS0008,SUBJ008,2026-05-13,COMPLETED,COMPLETED STUDY
DS0009,SUBJ009,2026-05-08,COMPLETED,COMPLETED STUDY
DS0010,SUBJ010,2026-04-26,COMPLETED,COMPLETED STUDY
DS0011,SUBJ011,2026-04-22,COMPLETED,COMPLETED STUDY
DS0012,SUBJ012,2026-04-20,COMPLETED,COMPLETED STUDY
DS0013,SUBJ013,2026-05-03,COMPLETED,COMPLETED STUDY
DS0014,SUBJ014,2026-04-20,COMPLETED,COMPLETED STUDY
DS0015,SUBJ015,2026-04-21,COMPLETED,COMPLETED STUDY
DS0016,SUBJ016,2026-04-20,COMPLETED,COMPLETED STUDY
DS0017,SUBJ017,2026-03-12,DISCONTINUED,LACK OF EFFICACY
DS0018,SUBJ018,2026-05-07,COMPLETED,COMPLETED STUDY
DS0019,SUBJ019,2026-04-23,COMPLETED,COMPLETED STUDY
DS0020,SUBJ020,2026-05-06,COMPLETED,COMPLETED STUDY
DS0021,SUBJ021,2026-05-16,COMPLETED,COMPLETED STUDY
DS0022,SUBJ022,2026-05-04,COMPLETED,COMPLETED STUDY
DS0023,SUBJ023,2026-05-03,COMPLETED,COMPLETED STUDY
DS0024,SUBJ024,2026-05-20,COMPLETED,COMPLETED STUDY
DS0025,SUBJ025,2026-05-18,COMPLETED,COMPLETED STUDY
DS0026,SUBJ026,2026-02-24,DISCONTINUED,LOST TO FOLLOW-UP
DS0027,SUBJ027,2026-05-15,COMPLETED,COMPLETED STUDY
DS0028,SUBJ028,2026-03-08,DISCONTINUED,PROTOCOL DEVIATION
DS0029,SUBJ029,2026-04-27,COMPLETED,COMPLETED STUDY
DS0030,SUBJ030,2026-04-29,COMPLETED,COMPLETED STUDY
DS0031,SUBJ031,2026-05-17,COMPLETED,COMPLETED STUDY
DS0032,SUBJ032,2026-05-03,COMPLETED,COMPLETED STUDY
DS0033,SUBJ033,2026-04-29,COMPLETED,COMPLETED STUDY
DS0034,SUBJ034,2026-04-18,DISCONTINUED,LACK OF EFFICACY
DS0035,SUBJ035,2026-04-27,COMPLETED,COMPLETED STUDY
DS0036,SUBJ036,2026-05-09,COMPLETED,COMPLETED STUDY
DS0037,SUBJ037,2026-05-06,COMPLETED,COMPLETED STUDY
DS0038,SUBJ038,2026-04-30,COMPLETED,COMPLETED STUDY
DS0039,SUBJ039,2026-04-27,COMPLETED,COMPLETED STUDY
DS0040,SUBJ040,2026-05-02,COMPLETED,COMPLETED STUDY
DS0041,SUBJ041,2026-04-26,COMPLETED,COMPLETED STUDY
DS0042,SUBJ042,2026-04-22,COMPLETED,COMPLETED STUDY
DS0043,SUBJ043,2026-04-23,COMPLETED,COMPLETED STUDY
DS0044,SUBJ044,2026-04-19,COMPLETED,COMPLETED STUDY
DS0045,SUBJ045,2026-05-12,COMPLETED,COMPLETED STUDY
DS0046,SUBJ046,2026-05-23,COMPLETED,COMPLETED STUDY
DS0047,SUBJ047,2026-04-07,DISCONTINUED,WITHDRAWAL OF CONSENT
DS0048,SUBJ048,2026-04-29,COMPLETED,COMPLETED STUDY
DS0049,SUBJ049,2026-05-01,COMPLETED,COMPLETED STUDY
DS0050,SUBJ050,2026-05-03,COMPLETED,COMPLETED STUDY
DS0051,SUBJ051,2026-05-19,COMPLETED,COMPLETED STUDY
DS0052,SUBJ052,2026-05-16,COMPLETED,COMPLETED STUDY
DS0053,SUBJ053,2026-04-26,COMPLETED,COMPLETED STUDY
DS0054,SUBJ054,2026-05-14,COMPLETED,COMPLETED STUDY
DS0055,SUBJ055,2026-05-14,COMPLETED,COMPLETED STUDY
DS0056,SUBJ056,2026-05-16,COMPLETED,COMPLETED STUDY
DS0057,SUBJ057,2026-04-23,COMPLETED,COMPLETED STUDY
DS0058,SUBJ058,2026-04-23,COMPLETED,COMPLETED STUDY
DS0059,SUBJ059,2026-05-24,COMPLETED,COMPLETED STUDY
DS0060,SUBJ060,2026-05-17,COMPLETED,COMPLETED STUDY
DS0061,SUBJ061,2026-05-07,COMPLETED,COMPLETED STUDY
DS0062,SUBJ062,2026-05-19,COMPLETED,COMPLETED STUDY
DS0063,SUBJ063,2026-04-27,COMPLETED,COMPLETED STUDY
DS0064,SUBJ064,2026-04-17,COMPLETED,COMPLETED STUDY
DS0065,SUBJ065,2026-05-03,COMPLETED,COMPLETED STUDY
DS0066,SUBJ066,2026-04-29,COMPLETED,COMPLETED STUDY
DS0067,SUBJ067,2026-05-12,COMPLETED,COMPLETED STUDY
DS0068,SUBJ068,2026-04-20,COMPLETED,COMPLETED STUDY
DS0069,SUBJ069,2026-05-08,COMPLETED,COMPLETED STUDY
DS0070,SUBJ070,2026-04-25,COMPLETED,COMPLETED STUDY
DS0071,SUBJ071,2026-05-18,COMPLETED,COMPLETED STUDY
DS0072,SUBJ072,2026-03-12,DISCONTINUED,PROTOCOL DEVIATION
DS0073,SUBJ073,2026-03-28,DISCONTINUED,PROTOCOL DEVIATION
DS0074,SUBJ074,2026-04-30,COMPLETED,COMPLETED STUDY
DS0075,SUBJ075,2026-05-16,COMPLETED,COMPLETED STUDY
DS0076,SUBJ076,2026-05-20,COMPLETED,COMPLETED STUDY
DS0077,SUBJ077,2026-03-15,DISCONTINUED,LACK OF EFFICACY
DS0078,SUBJ078,2026-05-15,COMPLETED,COMPLETED STUDY
DS0079,SUBJ079,2026-04-22,DISCONTINUED,OTHER
DS0080,SUBJ080,2026-04-06,DISCONTINUED,ADVERSE EVENT
DS0081,SUBJ081,2026-04-08,DISCONTINUED,ADVERSE EVENT
DS0082,SUBJ082,2026-02-22,DISCONTINUED,ADVERSE EVENT
DS0083,SUBJ083,2026-04-27,COMPLETED,COMPLETED STUDY
DS0084,SUBJ084,2026-04-25,COMPLETED,COMPLETED STUDY
DS0085,SUBJ085,2026-04-16,COMPLETED,COMPLETED STUDY
DS0086,SUBJ086,2026-04-22,COMPLETED,COMPLETED STUDY
DS0087,SUBJ087,2026-05-07,COMPLETED,COMPLETED STUDY
DS0088,SUBJ088,2026-05-22,COMPLETED,COMPLETED STUDY
DS0089,SUBJ089,2026-04-20,COMPLETED,COMPLETED STUDY
DS0090,SUBJ090,2026-04-22,COMPLETED,COMPLETED STUDY
DS0091,SUBJ091,2026-05-25,COMPLETED,COMPLETED STUDY
DS0092,SUBJ092,2026-05-22,COMPLETED,COMPLETED STUDY
DS0093,SUBJ093,2026-05-17,COMPLETED,COMPLETED STUDY
DS0094,SUBJ094,2026-03-13,DISCONTINUED,LACK OF EFFICACY
DS0095,SUBJ095,2026-05-16,COMPLETED,COMPLETED STUDY
DS0096,SUBJ096,2026-05-09,COMPLETED,COMPLETED STUDY
DS0097,SUBJ097,2026-02-22,DISCONTINUED,LACK OF EFFICACY
DS0098,SUBJ098,2026-04-21,COMPLETED,COMPLETED STUDY
DS0099,SUBJ099,2026-03-01,DISCONTINUED,OTHER
DS0100,SUBJ100,2026-05-01,COMPLETED,COMPLETED STUDY
DS0101,SUBJ101,2026-05-19,COMPLETED,COMPLETED STUDY
DS0102,SUBJ102,2026-03-21,DISCONTINUED,PROTOCOL DEVIATION
DS0103,SUBJ103,2026-05-22,COMPLETED,COMPLETED STUDY
DS0104,SUBJ104,2026-05-10,COMPLETED,COMPLETED STUDY
DS0105,SUBJ105,2026-05-19,COMPLETED,COMPLETED STUDY
DS0106,SUBJ106,2026-05-09,COMPLETED,COMPLETED STUDY
DS0107,SUBJ107,2026-02-17,DISCONTINUED,PROTOCOL DEVIATION
DS0108,SUBJ108,2026-05-21,COMPLETED,COMPLETED STUDY
DS0109,SUBJ109,2026-04-21,COMPLETED,COMPLETED STUDY
DS0110,SUBJ110,2026-04-27,COMPLETED,COMPLETED STUDY
DS0111,SUBJ111,2026-05-03,COMPLETED,COMPLETED STUDY
DS0112,SUBJ112,2026-05-04,COMPLETED,COMPLETED STUDY
DS0113,SUBJ113,2026-05-10,COMPLETED,COMPLETED STUDY
DS0114,SUBJ114,2026-05-11,COMPLETED,COMPLETED STUDY
DS0115,SUBJ115,2026-05-08,COMPLETED,COMPLETED STUDY
DS0116,SUBJ116,2026-05-22,COMPLETED,COMPLETED STUDY
DS0117,SUBJ117,2026-04-23,COMPLETED,COMPLETED STUDY
DS0118,SUBJ118,2026-05-13,COMPLETED,COMPLETED STUDY
DS0119,SUBJ119,2026-03-26,DISCONTINUED,ADVERSE EVENT
DS0120,SUBJ120,2026-05-19,COMPLETED,COMPLETED STUDY
