exposure_id,participant_id,treatment_code,dose_mg,start_date,end_date,exposure_status,dose_modification
EX0001,SUBJ001,PLACEBO,0,2026-01-24,2026-04-19,COMPLETED,N
EX0002,SUBJ002,REMO_HIGH,200,2026-01-28,2026-04-23,COMPLETED,N
EX0003,SUBJ003,REMO_HIGH,200,2026-02-10,2026-05-06,COMPLETED,N
EX0004,SUBJ004,PLACEBO,0,2026-02-04,2026-03-16,DISCONTINUED,N
EX0005,SUBJ005,PLACEBO,0,2026-02-02,2026-04-28,COMPLETED,N
EX0006,SUBJ006,REMO_HIGH,200,2026-01-25,2026-04-20,COMPLETED,Y
EX0007,SUBJ007,PLACEBO,0,2026-01-11,2026-04-06,COMPLETED,N
EX0008,SUBJ008,REMO_LOW,100,2026-02-03,2026-04-29,COMPLETED,N
EX0009,SUBJ009,REMO_HIGH,200,2026-01-29,2026-04-24,COMPLETED,N
EX0010,SUBJ010,REMO_HIGH,200,2026-01-17,2026-04-12,COMPLETED,N
EX0011,SUBJ011,REMO_HIGH,200,2026-01-13,2026-04-08,COMPLETED,N
EX0012,SUBJ012,REMO_HIGH,200,2026-01-11,2026-04-06,COMPLETED,N
EX0013,SUBJ013,REMO_LOW,100,2026-01-24,2026-04-19,COMPLETED,N
EX0014,SUBJ014,REMO_HIGH,200,2026-01-11,2026-04-06,COMPLETED,N
EX0015,SUBJ015,REMO_HIGH,200,2026-01-12,2026-04-07,COMPLETED,N
EX0016,SUBJ016,REMO_HIGH,200,2026-01-11,2026-04-06,COMPLETED,N
EX0017,SUBJ017,REMO_HIGH,200,2026-01-31,2026-03-12,DISCONTINUED,N
EX0018,SUBJ018,REMO_HIGH,200,2026-01-28,2026-04-23,COMPLETED,N
EX0019,SUBJ019,REMO_LOW,100,2026-01-14,2026-04-09,COMPLETED,Y
EX0020,SUBJ020,REMO_HIGH,200,2026-01-27,2026-04-22,COMPLETED,N
EX0021,SUBJ021,REMO_HIGH,200,2026-02-06,2026-05-02,COMPLETED,N
EX0022,SUBJ022,REMO_LOW,100,2026-01-25,2026-04-20,COMPLETED,N
EX0023,SUBJ023,REMO_HIGH,200,2026-01-24,2026-04-19,COMPLETED,N
EX0024,SUBJ024,REMO_HIGH,200,2026-02-10,2026-05-06,COMPLETED,N
EX0025,SUBJ025,REMO_LOW,100,2026-02-08,2026-05-04,COMPLETED,N
EX0026,SUBJ026,REMO_LOW,100,2026-01-15,2026-02-24,DISCONTINUED,N
EX0027,SUBJ027,REMO_HIGH,200,2026-02-05,2026-05-01,COMPLETED,N
EX0028,SUBJ028,REMO_LOW,100,2026-01-27,2026-03-08,DISCONTINUED,N
EX0029,SUBJ029,PLACEBO,0,2026-01-18,2026-04-13,COMPLETED,N
EX0030,SUBJ030,PLACEBO,0,2026-01-20,2026-04-15,COMPLETED,N
EX0031,SUBJ031,REMO_LOW,100,2026-02-07,2026-05-03,COMPLETED,N
EX0032,SUBJ032,REMO_LOW,100,2026-01-24,2026-04-19,COMPLETED,N
EX0033,SUBJ033,PLACEBO,0,2026-01-20,2026-04-15,COMPLETED,N
EX0034,SUBJ034,REMO_HIGH,200,2026-02-09,2026-04-18,INTERRUPTED,N
EX0035,SUBJ035,REMO_HIGH,200,2026-01-18,2026-04-13,COMPLETED,N
EX0036,SUBJ036,PLACEBO,0,2026-01-30,2026-04-25,COMPLETED,N
EX0037,SUBJ037,PLACEBO,0,2026-01-27,2026-04-22,COMPLETED,N
EX0038,SUBJ038,REMO_HIGH,200,2026-01-21,2026-04-16,COMPLETED,N
EX0039,SUBJ039,REMO_LOW,100,2026-01-18,2026-04-13,COMPLETED,N
EX0040,SUBJ040,PLACEBO,0,2026-01-23,2026-04-18,COMPLETED,N
EX0041,SUBJ041,REMO_LOW,100,2026-01-17,2026-04-12,COMPLETED,N
EX0042,SUBJ042,PLACEBO,0,2026-01-13,2026-04-08,COMPLETED,N
EX0043,SUBJ043,REMO_LOW,100,2026-01-14,2026-04-09,COMPLETED,N
EX0044,SUBJ044,REMO_LOW,100,2026-01-10,2026-04-05,COMPLETED,Y
EX0045,SUBJ045,PLACEBO,0,2026-02-02,2026-04-28,COMPLETED,N
EX0046,SUBJ046,PLACEBO,0,2026-02-13,2026-05-09,COMPLETED,N
EX0047,SUBJ047,REMO_HIGH,200,2026-01-29,2026-04-07,INTERRUPTED,N
EX0048,SUBJ048,PLACEBO,0,2026-01-20,2026-04-15,COMPLETED,N
EX0049,SUBJ049,PLACEBO,0,2026-01-22,2026-04-17,COMPLETED,N
EX0050,SUBJ050,PLACEBO,0,2026-01-24,2026-04-19,COMPLETED,N
EX0051,SUBJ051,REMO_HIGH,200,2026-02-09,2026-05-05,COMPLETED,N
EX0052,SUBJ052,PLACEBO,0,2026-02-06,2026-05-02,COMPLETED,N
EX0053,SUBJ053,REMO_HIGH,200,2026-01-17,2026-04-12,COMPLETED,N
EX0054,SUBJ054,REMO_HIGH,200,2026-02-04,2026-04-30,COMPLETED,Y
EX0055,SUBJ055,REMO_LOW,100,2026-02-04,2026-04-30,COMPLETED,Y
EX0056,SUBJ056,REMO_LOW,100,2026-02-06,2026-05-02,COMPLETED,N
EX0057,SUBJ057,PLACEBO,0,2026-01-14,2026-04-09,COMPLETED,N
EX0058,SUBJ058,REMO_LOW,100,2026-01-14,2026-04-09,COMPLETED,N
EX0059,SUBJ059,REMO_LOW,100,2026-02-14,2026-05-10,COMPLETED,N
EX0060,SUBJ060,REMO_LOW,100,2026-02-07,2026-05-03,COMPLETED,N
EX0061,SUBJ061,PLACEBO,0,2026-01-28,2026-04-23,COMPLETED,N
EX0062,SUBJ062,PLACEBO,0,2026-02-09,2026-05-05,COMPLETED,N
EX0063,SUBJ063,PLACEBO,0,2026-01-18,2026-04-13,COMPLETED,N
EX0064,SUBJ064,REMO_LOW,100,2026-01-08,2026-04-03,COMPLETED,N
EX0065,SUBJ065,PLACEBO,0,2026-01-24,2026-04-19,COMPLETED,N
EX0066,SUBJ066,PLACEBO,0,2026-01-20,2026-04-15,COMPLETED,N
EX0067,SUBJ067,REMO_LOW,100,2026-02-02,2026-04-28,COMPLETED,N
EX0068,SUBJ068,REMO_LOW,100,2026-01-11,2026-04-06,COMPLETED,N
EX0069,SUBJ069,REMO_HIGH,200,2026-01-29,2026-04-24,COMPLETED,N
EX0070,SUBJ070,PLACEBO,0,2026-01-16,2026-04-11,COMPLETED,N
EX0071,SUBJ071,PLACEBO,0,2026-02-08,2026-05-04,COMPLETED,N
EX0072,SUBJ072,PLACEBO,0,2026-01-31,2026-03-12,DISCONTINUED,N
EX0073,SUBJ073,REMO_HIGH,200,2026-01-19,2026-03-28,DISCONTINUED,N
EX0074,SUBJ074,PLACEBO,0,2026-01-21,2026-04-16,COMPLETED,N
EX0075,SUBJ075,REMO_LOW,100,2026-02-06,2026-05-02,COMPLETED,N
EX0076,SUBJ076,PLACEBO,0,2026-02-10,2026-05-06,COMPLETED,Y
EX0077,SUBJ077,REMO_HIGH,200,2026-02-03,2026-03-15,DISCONTINUED,N
EX0078,SUBJ078,REMO_LOW,100,2026-02-05,2026-05-01,COMPLETED,N
EX0079,SUBJ079,REMO_LOW,100,2026-02-13,2026-04-22,DISCONTINUED,N
EX0080,SUBJ080,REMO_LOW,100,2026-01-28,2026-04-06,DISCONTINUED,N
EX0081,SUBJ081,REMO_LOW,100,2026-01-30,2026-04-08,INTERRUPTED,N
EX0082,SUBJ082,REMO_HIGH,200,2026-01-13,2026-02-22,DISCONTINUED,N
EX0083,SUBJ083,PLACEBO,0,2026-01-18,2026-04-13,COMPLETED,N
EX0084,SUBJ084,REMO_LOW,100,2026-01-16,2026-04-11,COMPLETED,N
EX0085,SUBJ085,PLACEBO,0,2026-01-07,2026-04-02,COMPLETED,N
EX0086,SUBJ086,REMO_LOW,100,2026-01-13,2026-04-08,COMPLETED,N
EX0087,SUBJ087,REMO_LOW,100,2026-01-28,2026-04-23,COMPLETED,N
EX0088,SUBJ088,REMO_HIGH,200,2026-02-12,2026-05-08,COMPLETED,N
EX0089,SUBJ089,REMO_LOW,100,2026-01-11,2026-04-06,COMPLETED,N
EX0090,SUBJ090,PLACEBO,0,2026-01-13,2026-04-08,COMPLETED,N
EX0091,SUBJ091,REMO_LOW,100,2026-02-15,2026-05-11,COMPLETED,N
EX0092,SUBJ092,PLACEBO,0,2026-02-12,2026-05-08,COMPLETED,N
EX0093,SUBJ093,REMO_LOW,100,2026-02-07,2026-05-03,COMPLETED,N
EX0094,SUBJ094,REMO_HIGH,200,2026-02-01,2026-03-13,INTERRUPTED,N
EX0095,SUBJ095,REMO_HIGH,200,2026-02-06,2026-05-02,COMPLETED,N
EX0096,SUBJ096,REMO_LOW,100,2026-01-30,2026-04-25,COMPLETED,N
EX0097,SUBJ097,REMO_HIGH,200,2026-01-13,2026-02-22,INTERRUPTED,N
EX0098,SUBJ098,REMO_LOW,100,2026-01-12,2026-04-07,COMPLETED,N
EX0099,SUBJ099,PLACEBO,0,2026-01-20,2026-03-01,DISCONTINUED,N
EX0100,SUBJ100,PLACEBO,0,2026-01-22,2026-04-17,COMPLETED,N
EX0101,SUBJ101,REMO_HIGH,200,2026-02-09,2026-05-05,COMPLETED,Y
EX0102,SUBJ102,PLACEBO,0,2026-01-12,2026-03-21,INTERRUPTED,N
EX0103,SUBJ103,PLACEBO,0,2026-02-12,2026-05-08,COMPLETED,N
EX0104,SUBJ104,REMO_HIGH,200,2026-01-31,2026-04-26,COMPLETED,N
EX0105,SUBJ105,REMO_LOW,100,2026-02-09,2026-05-05,COMPLETED,N
EX0106,SUBJ106,REMO_HIGH,200,2026-01-30,2026-04-25,COMPLETED,N
EX0107,SUBJ107,REMO_LOW,100,2026-01-08,2026-02-17,INTERRUPTED,N
EX0108,SUBJ108,REMO_HIGH,200,2026-02-11,2026-05-07,COMPLETED,N
EX0109,SUBJ109,PLACEBO,0,2026-01-12,2026-04-07,COMPLETED,N
EX0110,SUBJ110,REMO_LOW,100,2026-01-18,2026-04-13,COMPLETED,N
EX0111,SUBJ111,PLACEBO,0,2026-01-24,2026-04-19,COMPLETED,N
EX0112,SUBJ112,REMO_LOW,100,2026-01-25,2026-04-20,COMPLETED,N
EX0113,SUBJ113,REMO_HIGH,200,2026-01-31,2026-04-26,COMPLETED,N
EX0114,SUBJ114,PLACEBO,0,2026-02-01,2026-04-27,COMPLETED,Y
EX0115,SUBJ115,REMO_HIGH,200,2026-01-29,2026-04-24,COMPLETED,N
EX0116,SUBJ116,REMO_HIGH,200,2026-02-12,2026-05-08,COMPLETED,N
EX0117,SUBJ117,REMO_HIGH,200,2026-01-14,2026-04-09,COMPLETED,N
EX0118,SUBJ118,REMO_LOW,100,2026-02-03,2026-04-29,COMPLETED,N
EX0119,SUBJ119,REMO_LOW,100,2026-01-17,2026-03-26,DISCONTINUED,N
EX0120,SUBJ120,PLACEBO,0,2026-02-09,2026-05-05,COMPLETED,N
