participant_id,site_id,screening_date,date_of_birth,age,sex,race,country
SUBJ001,SITE001,2026-01-21,1989-11-20,36,F,White,India
SUBJ002,SITE002,2026-01-23,1959-05-13,66,M,White,India
SUBJ003,SITE003,2026-02-06,1951-02-16,74,F,Asian,India
SUBJ004,SITE004,2026-01-28,1970-12-11,55,M,White,India
SUBJ005,SITE005,2026-01-28,1968-11-19,57,F,White,India
SUBJ006,SITE006,2026-01-19,1951-07-11,74,F,Other,India
SUBJ007,SITE001,2026-01-09,1970-01-18,55,M,Black or African American,United Kingdom
SUBJ008,SITE002,2026-01-30,1986-08-15,39,F,Other,United Kingdom
SUBJ009,SITE003,2026-01-23,1986-04-10,39,M,Other,United Kingdom
SUBJ010,SITE004,2026-01-14,1988-10-15,37,F,Asian,United Kingdom
SUBJ011,SITE005,2026-01-09,1964-07-14,61,F,White,United Kingdom
SUBJ012,SITE006,2026-01-06,1967-10-03,58,F,Asian,United Kingdom
SUBJ013,SITE001,2026-01-18,1964-04-23,61,F,Black or African American,United States
SUBJ014,SITE002,2026-01-05,1979-05-27,46,M,Other,United States
SUBJ015,SITE003,2026-01-10,1971-10-19,54,M,Asian,United States
SUBJ016,SITE004,2026-01-05,1957-12-23,68,M,Asian,United States
SUBJ017,SITE005,2026-01-25,1958-04-11,67,F,White,United States
SUBJ018,SITE006,2026-01-25,1970-05-12,55,F,White,United States
SUBJ019,SITE001,2026-01-11,1978-07-26,47,M,Black or African American,India
SUBJ020,SITE002,2026-01-22,1976-01-17,50,M,White,India
SUBJ021,SITE003,2026-01-30,1971-03-13,54,M,Other,India
SUBJ022,SITE004,2026-01-20,1977-08-18,48,F,Asian,India
SUBJ023,SITE005,2026-01-19,1962-11-17,63,M,Black or African American,India
SUBJ024,SITE006,2026-02-08,1982-06-14,43,F,Black or African American,India
SUBJ025,SITE001,2026-02-01,1975-04-24,50,M,Black or African American,United Kingdom
SUBJ026,SITE002,2026-01-10,1990-11-09,35,F,Other,United Kingdom
SUBJ027,SITE003,2026-01-29,1984-12-18,41,M,Black or African American,United Kingdom
SUBJ028,SITE004,2026-01-20,1963-06-25,62,M,White,United Kingdom
SUBJ029,SITE005,2026-01-16,1978-09-10,47,F,White,United Kingdom
SUBJ030,SITE006,2026-01-15,1964-05-19,61,F,Asian,United Kingdom
SUBJ031,SITE001,2026-02-01,1975-12-13,50,M,White,United States
SUBJ032,SITE002,2026-01-18,1951-08-30,74,M,Asian,United States
SUBJ033,SITE003,2026-01-13,1984-02-22,41,M,White,United States
SUBJ034,SITE004,2026-02-05,1955-12-29,70,M,White,United States
SUBJ035,SITE005,2026-01-12,1956-09-07,69,M,White,United States
SUBJ036,SITE006,2026-01-25,1961-09-06,64,F,White,United States
SUBJ037,SITE001,2026-01-22,1962-01-13,64,F,Other,India
SUBJ038,SITE002,2026-01-18,1968-05-30,57,M,Other,India
SUBJ039,SITE003,2026-01-15,1960-12-11,65,M,Asian,India
SUBJ040,SITE004,2026-01-21,1990-02-14,35,M,Asian,India
SUBJ041,SITE005,2026-01-15,1977-04-17,48,M,Black or African American,India
SUBJ042,SITE006,2026-01-11,1959-06-12,66,M,Black or African American,India
SUBJ043,SITE001,2026-01-08,1955-05-11,70,F,Asian,United Kingdom
SUBJ044,SITE002,2026-01-08,1981-11-05,44,F,Asian,United Kingdom
SUBJ045,SITE003,2026-01-30,1956-09-22,69,M,Asian,United Kingdom
SUBJ046,SITE004,2026-02-06,1981-10-13,44,M,Other,United Kingdom
SUBJ047,SITE005,2026-01-25,1952-01-01,74,F,Asian,United Kingdom
SUBJ048,SITE006,2026-01-15,1969-04-25,56,M,Black or African American,United Kingdom
SUBJ049,SITE001,2026-01-18,1989-06-04,36,F,White,United States
SUBJ050,SITE002,2026-01-19,1963-12-06,62,F,Other,United States
SUBJ051,SITE003,2026-02-07,1954-12-22,71,F,Asian,United States
SUBJ052,SITE004,2026-02-04,1951-04-05,74,F,White,United States
SUBJ053,SITE005,2026-01-10,1965-07-27,60,F,Asian,United States
SUBJ054,SITE006,2026-01-28,1978-10-13,47,F,Black or African American,United States
SUBJ055,SITE001,2026-01-31,1958-11-26,67,M,White,India
SUBJ056,SITE002,2026-02-04,1986-12-26,39,M,Black or African American,India
SUBJ057,SITE003,2026-01-12,1965-10-26,60,F,White,India
SUBJ058,SITE004,2026-01-08,1956-05-25,69,M,White,India
SUBJ059,SITE005,2026-02-07,1971-10-15,54,F,White,India
SUBJ060,SITE006,2026-02-04,1982-09-18,43,M,Asian,India
SUBJ061,SITE001,2026-01-22,1954-01-12,72,F,White,United Kingdom
SUBJ062,SITE002,2026-02-06,1960-07-28,65,M,Black or African American,United Kingdom
SUBJ063,SITE003,2026-01-11,1961-03-28,64,M,Other,United Kingdom
SUBJ064,SITE004,2026-01-06,1966-03-13,59,M,Asian,United Kingdom
SUBJ065,SITE005,2026-01-19,1988-09-29,37,M,White,United Kingdom
SUBJ066,SITE006,2026-01-17,1982-01-29,43,F,White,United Kingdom
SUBJ067,SITE001,2026-01-26,1961-09-01,64,F,Asian,United States
SUBJ068,SITE002,2026-01-06,1967-06-04,58,M,Black or African American,United States
SUBJ069,SITE003,2026-01-27,1968-03-27,57,M,White,United States
SUBJ070,SITE004,2026-01-14,1990-06-22,35,M,Asian,United States
SUBJ071,SITE005,2026-02-01,1972-07-22,53,F,Asian,United States
SUBJ072,SITE006,2026-01-25,1978-03-31,47,F,Other,United States
SUBJ073,SITE001,2026-01-15,1972-07-30,53,F,Asian,India
SUBJ074,SITE002,2026-01-18,1950-07-14,75,F,Other,India
SUBJ075,SITE003,2026-02-01,1982-01-04,44,F,Black or African American,India
SUBJ076,SITE004,2026-02-04,1983-05-28,42,F,Other,India
SUBJ077,SITE005,2026-01-28,1971-06-08,54,M,Asian,India
SUBJ078,SITE006,2026-02-02,1975-01-26,51,M,Black or African American,India
SUBJ079,SITE001,2026-02-08,1990-01-02,36,F,Black or African American,United Kingdom
SUBJ080,SITE002,2026-01-26,1967-08-30,58,F,Asian,United Kingdom
SUBJ081,SITE003,2026-01-27,1984-07-13,41,F,Asian,United Kingdom
SUBJ082,SITE004,2026-01-06,1982-05-07,43,F,Other,United Kingdom
SUBJ083,SITE005,2026-01-14,1987-02-19,38,F,Other,United Kingdom
SUBJ084,SITE006,2026-01-10,1976-11-21,49,M,Black or African American,United Kingdom
SUBJ085,SITE001,2026-01-05,1985-06-03,40,F,Other,United States
SUBJ086,SITE002,2026-01-07,1968-12-22,57,M,Black or African American,United States
SUBJ087,SITE003,2026-01-23,1970-04-20,55,F,White,United States
SUBJ088,SITE004,2026-02-06,1966-03-13,59,M,Asian,United States
SUBJ089,SITE005,2026-01-07,1986-01-07,40,F,Asian,United States
SUBJ090,SITE006,2026-01-08,1985-05-08,40,M,Black or African American,United States
SUBJ091,SITE001,2026-02-08,1984-09-16,41,M,Asian,India
SUBJ092,SITE002,2026-02-05,1957-06-03,68,M,Asian,India
SUBJ093,SITE003,2026-02-01,1950-09-22,75,F,Black or African American,India
SUBJ094,SITE004,2026-01-28,1953-05-23,72,M,Black or African American,India
SUBJ095,SITE005,2026-02-01,1972-10-05,53,F,White,India
SUBJ096,SITE006,2026-01-24,1971-09-25,54,M,Black or African American,India
SUBJ097,SITE001,2026-01-11,1971-05-07,54,M,Other,United Kingdom
SUBJ098,SITE002,2026-01-09,1982-04-28,43,M,Black or African American,United Kingdom
SUBJ099,SITE003,2026-01-18,1982-02-19,43,F,Asian,United Kingdom
SUBJ100,SITE004,2026-01-18,1959-01-19,66,M,Asian,United Kingdom
SUBJ101,SITE005,2026-02-05,1983-03-14,42,M,Other,United Kingdom
SUBJ102,SITE006,2026-01-07,1988-03-27,37,M,White,United Kingdom
SUBJ103,SITE001,2026-02-08,1953-01-14,73,F,Asian,United States
SUBJ104,SITE002,2026-01-28,1952-06-20,73,F,White,United States
SUBJ105,SITE003,2026-02-06,1987-01-23,39,M,Black or African American,United States
SUBJ106,SITE004,2026-01-23,1953-08-05,72,F,Asian,United States
SUBJ107,SITE005,2026-01-05,1968-12-03,57,F,Black or African American,United States
SUBJ108,SITE006,2026-02-07,1961-11-28,64,F,Asian,United States
SUBJ109,SITE001,2026-01-10,1974-05-12,51,F,Black or African American,India
SUBJ110,SITE002,2026-01-13,1972-02-07,53,M,Black or African American,India
SUBJ111,SITE003,2026-01-17,1975-11-02,50,M,Other,India
SUBJ112,SITE004,2026-01-22,1957-06-03,68,F,White,India
SUBJ113,SITE005,2026-01-29,1966-01-09,60,M,Other,India
SUBJ114,SITE006,2026-01-27,1979-04-13,46,F,Black or African American,India
SUBJ115,SITE001,2026-01-25,1979-02-08,46,M,Asian,United Kingdom
SUBJ116,SITE002,2026-02-05,1960-05-18,65,M,Asian,United Kingdom
SUBJ117,SITE003,2026-01-12,1968-08-18,57,F,Other,United Kingdom
SUBJ118,SITE004,2026-01-29,1977-02-20,48,F,Other,United Kingdom
SUBJ119,SITE005,2026-01-14,1964-08-21,61,F,Black or African American,United Kingdom
SUBJ120,SITE006,2026-02-03,1976-06-27,49,F,Black or African American,United Kingdom
