participant_id,treatment_code,treatment_name,dose_mg,randomization_date
SUBJ001,PLACEBO,Placebo,0,2026-01-24
SUBJ002,REMO_HIGH,Remogliflozin High Dose,200,2026-01-28
SUBJ003,REMO_HIGH,Remogliflozin High Dose,200,2026-02-10
SUBJ004,PLACEBO,Placebo,0,2026-02-04
SUBJ005,PLACEBO,Placebo,0,2026-02-02
SUBJ006,REMO_HIGH,Remogliflozin High Dose,200,2026-01-25
SUBJ007,PLACEBO,Placebo,0,2026-01-11
SUBJ008,REMO_LOW,Remogliflozin Low Dose,100,2026-02-03
SUBJ009,REMO_HIGH,Remogliflozin High Dose,200,2026-01-29
SUBJ010,REMO_HIGH,Remogliflozin High Dose,200,2026-01-17
SUBJ011,REMO_HIGH,Remogliflozin High Dose,200,2026-01-13
SUBJ012,REMO_HIGH,Remogliflozin High Dose,200,2026-01-11
SUBJ013,REMO_LOW,Remogliflozin Low Dose,100,2026-01-24
SUBJ014,REMO_HIGH,Remogliflozin High Dose,200,2026-01-11
SUBJ015,REMO_HIGH,Remogliflozin High Dose,200,2026-01-12
SUBJ016,REMO_HIGH,Remogliflozin High Dose,200,2026-01-11
SUBJ017,REMO_HIGH,Remogliflozin High Dose,200,2026-01-31
SUBJ018,REMO_HIGH,Remogliflozin High Dose,200,2026-01-28
SUBJ019,REMO_LOW,Remogliflozin Low Dose,100,2026-01-14
SUBJ020,REMO_HIGH,Remogliflozin High Dose,200,2026-01-27
SUBJ021,REMO_HIGH,Remogliflozin High Dose,200,2026-02-06
SUBJ022,REMO_LOW,Remogliflozin Low Dose,100,2026-01-25
SUBJ023,REMO_HIGH,Remogliflozin High Dose,200,2026-01-24
SUBJ024,REMO_HIGH,Remogliflozin High Dose,200,2026-02-10
SUBJ025,REMO_LOW,Remogliflozin Low Dose,100,2026-02-08
SUBJ026,REMO_LOW,Remogliflozin Low Dose,100,2026-01-15
SUBJ027,REMO_HIGH,Remogliflozin High Dose,200,2026-02-05
SUBJ028,REMO_LOW,Remogliflozin Low Dose,100,2026-01-27
SUBJ029,PLACEBO,Placebo,0,2026-01-18
SUBJ030,PLACEBO,Placebo,0,2026-01-20
SUBJ031,REMO_LOW,Remogliflozin Low Dose,100,2026-02-07
SUBJ032,REMO_LOW,Remogliflozin Low Dose,100,2026-01-24
SUBJ033,PLACEBO,Placebo,0,2026-01-20
SUBJ034,REMO_HIGH,Remogliflozin High Dose,200,2026-02-09
SUBJ035,REMO_HIGH,Remogliflozin High Dose,200,2026-01-18
SUBJ036,PLACEBO,Placebo,0,2026-01-30
SUBJ037,PLACEBO,Placebo,0,2026-01-27
SUBJ038,REMO_HIGH,Remogliflozin High Dose,200,2026-01-21
SUBJ039,REMO_LOW,Remogliflozin Low Dose,100,2026-01-18
SUBJ040,PLACEBO,Placebo,0,2026-01-23
SUBJ041,REMO_LOW,Remogliflozin Low Dose,100,2026-01-17
SUBJ042,PLACEBO,Placebo,0,2026-01-13
SUBJ043,REMO_LOW,Remogliflozin Low Dose,100,2026-01-14
SUBJ044,REMO_LOW,Remogliflozin Low Dose,100,2026-01-10
SUBJ045,PLACEBO,Placebo,0,2026-02-02
SUBJ046,PLACEBO,Placebo,0,2026-02-13
SUBJ047,REMO_HIGH,Remogliflozin High Dose,200,2026-01-29
SUBJ048,PLACEBO,Placebo,0,2026-01-20
SUBJ049,PLACEBO,Placebo,0,2026-01-22
SUBJ050,PLACEBO,Placebo,0,2026-01-24
SUBJ051,REMO_HIGH,Remogliflozin High Dose,200,2026-02-09
SUBJ052,PLACEBO,Placebo,0,2026-02-06
SUBJ053,REMO_HIGH,Remogliflozin High Dose,200,2026-01-17
SUBJ054,REMO_HIGH,Remogliflozin High Dose,200,2026-02-04
SUBJ055,REMO_LOW,Remogliflozin Low Dose,100,2026-02-04
SUBJ056,REMO_LOW,Remogliflozin Low Dose,100,2026-02-06
SUBJ057,PLACEBO,Placebo,0,2026-01-14
SUBJ058,REMO_LOW,Remogliflozin Low Dose,100,2026-01-14
SUBJ059,REMO_LOW,Remogliflozin Low Dose,100,2026-02-14
SUBJ060,REMO_LOW,Remogliflozin Low Dose,100,2026-02-07
SUBJ061,PLACEBO,Placebo,0,2026-01-28
SUBJ062,PLACEBO,Placebo,0,2026-02-09
SUBJ063,PLACEBO,Placebo,0,2026-01-18
SUBJ064,REMO_LOW,Remogliflozin Low Dose,100,2026-01-08
SUBJ065,PLACEBO,Placebo,0,2026-01-24
SUBJ066,PLACEBO,Placebo,0,2026-01-20
SUBJ067,REMO_LOW,Remogliflozin Low Dose,100,2026-02-02
SUBJ068,REMO_LOW,Remogliflozin Low Dose,100,2026-01-11
SUBJ069,REMO_HIGH,Remogliflozin High Dose,200,2026-01-29
SUBJ070,PLACEBO,Placebo,0,2026-01-16
SUBJ071,PLACEBO,Placebo,0,2026-02-08
SUBJ072,PLACEBO,Placebo,0,2026-01-31
SUBJ073,REMO_HIGH,Remogliflozin High Dose,200,2026-01-19
SUBJ074,PLACEBO,Placebo,0,2026-01-21
SUBJ075,REMO_LOW,Remogliflozin Low Dose,100,2026-02-06
SUBJ076,PLACEBO,Placebo,0,2026-02-10
SUBJ077,REMO_HIGH,Remogliflozin High Dose,200,2026-02-03
SUBJ078,REMO_LOW,Remogliflozin Low Dose,100,2026-02-05
SUBJ079,REMO_LOW,Remogliflozin Low Dose,100,2026-02-13
SUBJ080,REMO_LOW,Remogliflozin Low Dose,100,2026-01-28
SUBJ081,REMO_LOW,Remogliflozin Low Dose,100,2026-01-30
SUBJ082,REMO_HIGH,Remogliflozin High Dose,200,2026-01-13
SUBJ083,PLACEBO,Placebo,0,2026-01-18
SUBJ084,REMO_LOW,Remogliflozin Low Dose,100,2026-01-16
SUBJ085,PLACEBO,Placebo,0,2026-01-07
SUBJ086,REMO_LOW,Remogliflozin Low Dose,100,2026-01-13
SUBJ087,REMO_LOW,Remogliflozin Low Dose,100,2026-01-28
SUBJ088,REMO_HIGH,Remogliflozin High Dose,200,2026-02-12
SUBJ089,REMO_LOW,Remogliflozin Low Dose,100,2026-01-11
SUBJ090,PLACEBO,Placebo,0,2026-01-13
SUBJ091,REMO_LOW,Remogliflozin Low Dose,100,2026-02-15
SUBJ092,PLACEBO,Placebo,0,2026-02-12
SUBJ093,REMO_LOW,Remogliflozin Low Dose,100,2026-02-07
SUBJ094,REMO_HIGH,Remogliflozin High Dose,200,2026-02-01
SUBJ095,REMO_HIGH,Remogliflozin High Dose,200,2026-02-06
SUBJ096,REMO_LOW,Remogliflozin Low Dose,100,2026-01-30
SUBJ097,REMO_HIGH,Remogliflozin High Dose,200,2026-01-13
SUBJ098,REMO_LOW,Remogliflozin Low Dose,100,2026-01-12
SUBJ099,PLACEBO,Placebo,0,2026-01-20
SUBJ100,PLACEBO,Placebo,0,2026-01-22
SUBJ101,REMO_HIGH,Remogliflozin High Dose,200,2026-02-09
SUBJ102,PLACEBO,Placebo,0,2026-01-12
SUBJ103,PLACEBO,Placebo,0,2026-02-12
SUBJ104,REMO_HIGH,Remogliflozin High Dose,200,2026-01-31
SUBJ105,REMO_LOW,Remogliflozin Low Dose,100,2026-02-09
SUBJ106,REMO_HIGH,Remogliflozin High Dose,200,2026-01-30
SUBJ107,REMO_LOW,Remogliflozin Low Dose,100,2026-01-08
SUBJ108,REMO_HIGH,Remogliflozin High Dose,200,2026-02-11
SUBJ109,PLACEBO,Placebo,0,2026-01-12
SUBJ110,REMO_LOW,Remogliflozin Low Dose,100,2026-01-18
SUBJ111,PLACEBO,Placebo,0,2026-01-24
SUBJ112,REMO_LOW,Remogliflozin Low Dose,100,2026-01-25
SUBJ113,REMO_HIGH,Remogliflozin High Dose,200,2026-01-31
SUBJ114,PLACEBO,Placebo,0,2026-02-01
SUBJ115,REMO_HIGH,Remogliflozin High Dose,200,2026-01-29
SUBJ116,REMO_HIGH,Remogliflozin High Dose,200,2026-02-12
SUBJ117,REMO_HIGH,Remogliflozin High Dose,200,2026-01-14
SUBJ118,REMO_LOW,Remogliflozin Low Dose,100,2026-02-03
SUBJ119,REMO_LOW,Remogliflozin Low Dose,100,2026-01-17
SUBJ120,PLACEBO,Placebo,0,2026-02-09
