participant_id,visit_code,visit_name,visit_number,planned_day,visit_date,visit_status
SUBJ001,SCREEN,Screening,1,-14,2026-01-21,COMPLETED
SUBJ001,BASELINE,Baseline,2,1,2026-01-24,COMPLETED
SUBJ001,WEEK4,Week 4,3,29,2026-02-21,COMPLETED
SUBJ001,WEEK8,Week 8,4,57,2026-03-22,COMPLETED
SUBJ001,WEEK12,Week 12,5,85,2026-04-19,COMPLETED
SUBJ001,FOLLOWUP,Follow-up,6,99,2026-05-03,COMPLETED
SUBJ002,SCREEN,Screening,1,-14,2026-01-23,COMPLETED
SUBJ002,BASELINE,Baseline,2,1,2026-01-28,COMPLETED
SUBJ002,WEEK4,Week 4,3,29,2026-02-24,COMPLETED
SUBJ002,WEEK8,Week 8,4,57,2026-03-24,COMPLETED
SUBJ002,WEEK12,Week 12,5,85,2026-04-24,COMPLETED
SUBJ002,FOLLOWUP,Follow-up,6,99,2026-05-08,COMPLETED
SUBJ003,SCREEN,Screening,1,-14,2026-02-06,COMPLETED
SUBJ003,BASELINE,Baseline,2,1,2026-02-10,COMPLETED
SUBJ003,WEEK4,Week 4,3,29,2026-03-12,COMPLETED
SUBJ003,WEEK8,Week 8,4,57,2026-04-09,COMPLETED
SUBJ003,WEEK12,Week 12,5,85,2026-05-04,COMPLETED
SUBJ003,FOLLOWUP,Follow-up,6,99,2026-05-17,COMPLETED
SUBJ004,SCREEN,Screening,1,-14,2026-01-28,COMPLETED
SUBJ004,BASELINE,Baseline,2,1,2026-02-04,COMPLETED
SUBJ004,WEEK4,Week 4,3,29,2026-03-05,COMPLETED
SUBJ005,SCREEN,Screening,1,-14,2026-01-28,COMPLETED
SUBJ005,BASELINE,Baseline,2,1,2026-02-02,COMPLETED
SUBJ005,WEEK4,Week 4,3,29,2026-02-28,COMPLETED
SUBJ005,WEEK8,Week 8,4,57,2026-03-28,COMPLETED
SUBJ005,WEEK12,Week 12,5,85,2026-04-28,COMPLETED
SUBJ005,FOLLOWUP,Follow-up,6,99,2026-05-13,COMPLETED
SUBJ006,SCREEN,Screening,1,-14,2026-01-19,COMPLETED
SUBJ006,BASELINE,Baseline,2,1,2026-01-25,COMPLETED
SUBJ006,WEEK4,Week 4,3,29,2026-02-20,COMPLETED
SUBJ006,WEEK8,Week 8,4,57,2026-03-23,COMPLETED
SUBJ006,WEEK12,Week 12,5,85,2026-04-20,COMPLETED
SUBJ006,FOLLOWUP,Follow-up,6,99,2026-05-04,COMPLETED
SUBJ007,SCREEN,Screening,1,-14,2026-01-09,COMPLETED
SUBJ007,BASELINE,Baseline,2,1,2026-01-11,COMPLETED
SUBJ007,WEEK4,Week 4,3,29,2026-02-09,COMPLETED
SUBJ007,WEEK8,Week 8,4,57,2026-03-10,COMPLETED
SUBJ007,WEEK12,Week 12,5,85,2026-04-03,COMPLETED
SUBJ007,FOLLOWUP,Follow-up,6,99,2026-04-17,COMPLETED
SUBJ008,SCREEN,Screening,1,-14,2026-01-30,COMPLETED
SUBJ008,BASELINE,Baseline,2,1,2026-02-03,COMPLETED
SUBJ008,WEEK4,Week 4,3,29,2026-03-01,COMPLETED
SUBJ008,WEEK8,Week 8,4,57,2026-04-02,COMPLETED
SUBJ008,WEEK12,Week 12,5,85,2026-04-26,COMPLETED
SUBJ008,FOLLOWUP,Follow-up,6,99,2026-05-10,COMPLETED
SUBJ009,SCREEN,Screening,1,-14,2026-01-23,COMPLETED
SUBJ009,BASELINE,Baseline,2,1,2026-01-29,COMPLETED
SUBJ009,WEEK4,Week 4,3,29,2026-02-25,COMPLETED
SUBJ009,WEEK8,Week 8,4,57,2026-03-24,COMPLETED
SUBJ009,WEEK12,Week 12,5,85,2026-04-21,COMPLETED
SUBJ009,FOLLOWUP,Follow-up,6,99,2026-05-07,COMPLETED
SUBJ010,SCREEN,Screening,1,-14,2026-01-14,COMPLETED
SUBJ010,BASELINE,Baseline,2,1,2026-01-17,COMPLETED
SUBJ010,WEEK4,Week 4,3,29,2026-02-14,COMPLETED
SUBJ010,WEEK8,Week 8,4,57,2026-03-13,COMPLETED
SUBJ010,WEEK12,Week 12,5,85,2026-04-12,COMPLETED
SUBJ010,FOLLOWUP,Follow-up,6,99,2026-04-24,COMPLETED
SUBJ011,SCREEN,Screening,1,-14,2026-01-09,COMPLETED
SUBJ011,BASELINE,Baseline,2,1,2026-01-13,COMPLETED
SUBJ011,WEEK4,Week 4,3,29,2026-02-11,COMPLETED
SUBJ011,WEEK8,Week 8,4,57,2026-03-12,COMPLETED
SUBJ011,WEEK12,Week 12,5,85,2026-04-06,COMPLETED
SUBJ011,FOLLOWUP,Follow-up,6,99,2026-04-22,COMPLETED
SUBJ012,SCREEN,Screening,1,-14,2026-01-06,COMPLETED
SUBJ012,BASELINE,Baseline,2,1,2026-01-11,COMPLETED
SUBJ012,WEEK4,Week 4,3,29,2026-02-09,COMPLETED
SUBJ012,WEEK8,Week 8,4,57,2026-03-07,COMPLETED
SUBJ012,WEEK12,Week 12,5,85,2026-04-07,COMPLETED
SUBJ012,FOLLOWUP,Follow-up,6,99,2026-04-20,COMPLETED
SUBJ013,SCREEN,Screening,1,-14,2026-01-18,COMPLETED
SUBJ013,BASELINE,Baseline,2,1,2026-01-24,COMPLETED
SUBJ013,WEEK4,Week 4,3,29,2026-02-23,COMPLETED
SUBJ013,WEEK8,Week 8,4,57,2026-03-22,COMPLETED
SUBJ013,WEEK12,Week 12,5,85,2026-04-16,COMPLETED
SUBJ013,FOLLOWUP,Follow-up,6,99,2026-05-04,COMPLETED
SUBJ014,SCREEN,Screening,1,-14,2026-01-05,COMPLETED
SUBJ014,BASELINE,Baseline,2,1,2026-01-11,COMPLETED
SUBJ014,WEEK4,Week 4,3,29,2026-02-08,COMPLETED
SUBJ014,WEEK8,Week 8,4,57,2026-03-09,COMPLETED
SUBJ014,WEEK12,Week 12,5,85,2026-04-06,COMPLETED
SUBJ014,FOLLOWUP,Follow-up,6,99,2026-04-19,COMPLETED
SUBJ015,SCREEN,Screening,1,-14,2026-01-10,COMPLETED
SUBJ015,BASELINE,Baseline,2,1,2026-01-12,COMPLETED
SUBJ015,WEEK4,Week 4,3,29,2026-02-08,COMPLETED
SUBJ015,WEEK8,Week 8,4,57,2026-03-11,COMPLETED
SUBJ015,WEEK12,Week 12,5,85,2026-04-06,COMPLETED
SUBJ015,FOLLOWUP,Follow-up,6,99,2026-04-22,COMPLETED
SUBJ016,SCREEN,Screening,1,-14,2026-01-05,COMPLETED
SUBJ016,BASELINE,Baseline,2,1,2026-01-11,COMPLETED
SUBJ016,WEEK4,Week 4,3,29,2026-02-10,COMPLETED
SUBJ016,WEEK8,Week 8,4,57,2026-03-09,COMPLETED
SUBJ016,WEEK12,Week 12,5,85,2026-04-06,COMPLETED
SUBJ016,FOLLOWUP,Follow-up,6,99,2026-04-20,COMPLETED
SUBJ017,SCREEN,Screening,1,-14,2026-01-25,COMPLETED
SUBJ017,BASELINE,Baseline,2,1,2026-01-31,COMPLETED
SUBJ017,WEEK4,Week 4,3,29,2026-02-27,COMPLETED
SUBJ018,SCREEN,Screening,1,-14,2026-01-25,COMPLETED
SUBJ018,BASELINE,Baseline,2,1,2026-01-28,COMPLETED
SUBJ018,WEEK4,Week 4,3,29,2026-02-26,COMPLETED
SUBJ018,WEEK8,Week 8,4,57,2026-03-27,COMPLETED
SUBJ018,WEEK12,Week 12,5,85,2026-04-20,COMPLETED
SUBJ018,FOLLOWUP,Follow-up,6,99,2026-05-05,COMPLETED
SUBJ019,SCREEN,Screening,1,-14,2026-01-11,COMPLETED
SUBJ019,BASELINE,Baseline,2,1,2026-01-14,COMPLETED
SUBJ019,WEEK4,Week 4,3,29,2026-02-13,COMPLETED
SUBJ019,WEEK8,Week 8,4,57,2026-03-13,COMPLETED
SUBJ019,WEEK12,Week 12,5,85,2026-04-10,COMPLETED
SUBJ019,FOLLOWUP,Follow-up,6,99,2026-04-21,COMPLETED
SUBJ020,SCREEN,Screening,1,-14,2026-01-22,COMPLETED
SUBJ020,BASELINE,Baseline,2,1,2026-01-27,COMPLETED
SUBJ020,WEEK4,Week 4,3,29,2026-02-22,COMPLETED
SUBJ020,WEEK8,Week 8,4,57,2026-03-24,COMPLETED
SUBJ020,WEEK12,Week 12,5,85,2026-04-21,COMPLETED
SUBJ020,FOLLOWUP,Follow-up,6,99,2026-05-06,COMPLETED
SUBJ021,SCREEN,Screening,1,-14,2026-01-30,COMPLETED
SUBJ021,BASELINE,Baseline,2,1,2026-02-06,COMPLETED
SUBJ021,WEEK4,Week 4,3,29,2026-03-06,COMPLETED
SUBJ021,WEEK8,Week 8,4,57,2026-04-04,COMPLETED
SUBJ021,WEEK12,Week 12,5,85,2026-05-02,COMPLETED
SUBJ021,FOLLOWUP,Follow-up,6,99,2026-05-13,COMPLETED
SUBJ022,SCREEN,Screening,1,-14,2026-01-20,COMPLETED
SUBJ022,BASELINE,Baseline,2,1,2026-01-25,COMPLETED
SUBJ022,WEEK4,Week 4,3,29,2026-02-22,COMPLETED
SUBJ022,WEEK8,Week 8,4,57,2026-03-21,COMPLETED
SUBJ022,WEEK12,Week 12,5,85,2026-04-21,COMPLETED
SUBJ022,FOLLOWUP,Follow-up,6,99,2026-05-02,COMPLETED
SUBJ023,SCREEN,Screening,1,-14,2026-01-19,COMPLETED
SUBJ023,BASELINE,Baseline,2,1,2026-01-24,COMPLETED
SUBJ023,WEEK4,Week 4,3,29,2026-02-22,COMPLETED
SUBJ023,WEEK8,Week 8,4,57,2026-03-20,COMPLETED
SUBJ023,WEEK12,Week 12,5,85,2026-04-20,COMPLETED
SUBJ023,FOLLOWUP,Follow-up,6,99,2026-04-30,COMPLETED
SUBJ024,SCREEN,Screening,1,-14,2026-02-08,COMPLETED
SUBJ024,BASELINE,Baseline,2,1,2026-02-10,COMPLETED
SUBJ024,WEEK4,Week 4,3,29,2026-03-11,COMPLETED
SUBJ024,WEEK8,Week 8,4,57,2026-04-07,COMPLETED
SUBJ024,WEEK12,Week 12,5,85,2026-05-03,COMPLETED
SUBJ024,FOLLOWUP,Follow-up,6,99,2026-05-21,COMPLETED
SUBJ025,SCREEN,Screening,1,-14,2026-02-01,COMPLETED
SUBJ025,BASELINE,Baseline,2,1,2026-02-08,COMPLETED
SUBJ025,WEEK4,Week 4,3,29,2026-03-09,COMPLETED
SUBJ025,WEEK8,Week 8,4,57,2026-04-06,COMPLETED
SUBJ025,WEEK12,Week 12,5,85,2026-05-04,COMPLETED
SUBJ025,FOLLOWUP,Follow-up,6,99,2026-05-17,COMPLETED
SUBJ026,SCREEN,Screening,1,-14,2026-01-10,COMPLETED
SUBJ026,BASELINE,Baseline,2,1,2026-01-15,COMPLETED
SUBJ026,WEEK4,Week 4,3,29,2026-02-13,COMPLETED
SUBJ027,SCREEN,Screening,1,-14,2026-01-29,COMPLETED
SUBJ027,BASELINE,Baseline,2,1,2026-02-05,COMPLETED
SUBJ027,WEEK4,Week 4,3,29,2026-03-05,COMPLETED
SUBJ027,WEEK8,Week 8,4,57,2026-04-04,COMPLETED
SUBJ027,WEEK12,Week 12,5,85,2026-05-01,COMPLETED
SUBJ027,FOLLOWUP,Follow-up,6,99,2026-05-13,COMPLETED
SUBJ028,SCREEN,Screening,1,-14,2026-01-20,COMPLETED
SUBJ028,BASELINE,Baseline,2,1,2026-01-27,COMPLETED
SUBJ028,WEEK4,Week 4,3,29,2026-02-25,COMPLETED
SUBJ029,SCREEN,Screening,1,-14,2026-01-16,COMPLETED
SUBJ029,BASELINE,Baseline,2,1,2026-01-18,COMPLETED
SUBJ029,WEEK4,Week 4,3,29,2026-02-15,COMPLETED
SUBJ029,WEEK8,Week 8,4,57,2026-03-13,COMPLETED
SUBJ029,WEEK12,Week 12,5,85,2026-04-10,COMPLETED
SUBJ029,FOLLOWUP,Follow-up,6,99,2026-04-24,COMPLETED
SUBJ030,SCREEN,Screening,1,-14,2026-01-15,COMPLETED
SUBJ030,BASELINE,Baseline,2,1,2026-01-20,COMPLETED
SUBJ030,WEEK4,Week 4,3,29,2026-02-15,COMPLETED
SUBJ030,WEEK8,Week 8,4,57,2026-03-15,COMPLETED
SUBJ030,WEEK12,Week 12,5,85,2026-04-14,COMPLETED
SUBJ030,FOLLOWUP,Follow-up,6,99,2026-04-30,COMPLETED
SUBJ031,SCREEN,Screening,1,-14,2026-02-01,COMPLETED
SUBJ031,BASELINE,Baseline,2,1,2026-02-07,COMPLETED
SUBJ031,WEEK4,Week 4,3,29,2026-03-05,COMPLETED
SUBJ031,WEEK8,Week 8,4,57,2026-04-02,COMPLETED
SUBJ031,WEEK12,Week 12,5,85,2026-05-03,COMPLETED
SUBJ031,FOLLOWUP,Follow-up,6,99,2026-05-17,COMPLETED
SUBJ032,SCREEN,Screening,1,-14,2026-01-18,COMPLETED
SUBJ032,BASELINE,Baseline,2,1,2026-01-24,COMPLETED
SUBJ032,WEEK4,Week 4,3,29,2026-02-21,COMPLETED
SUBJ032,WEEK8,Week 8,4,57,2026-03-22,COMPLETED
SUBJ032,WEEK12,Week 12,5,85,2026-04-19,COMPLETED
SUBJ032,FOLLOWUP,Follow-up,6,99,2026-05-01,COMPLETED
SUBJ033,SCREEN,Screening,1,-14,2026-01-13,COMPLETED
SUBJ033,BASELINE,Baseline,2,1,2026-01-20,COMPLETED
SUBJ033,WEEK4,Week 4,3,29,2026-02-17,COMPLETED
SUBJ033,WEEK8,Week 8,4,57,2026-03-15,COMPLETED
SUBJ033,WEEK12,Week 12,5,85,2026-04-15,COMPLETED
SUBJ033,FOLLOWUP,Follow-up,6,99,2026-04-26,COMPLETED
SUBJ034,SCREEN,Screening,1,-14,2026-02-05,COMPLETED
SUBJ034,BASELINE,Baseline,2,1,2026-02-09,COMPLETED
SUBJ034,WEEK4,Week 4,3,29,2026-03-07,COMPLETED
SUBJ034,WEEK8,Week 8,4,57,2026-04-08,COMPLETED
SUBJ035,SCREEN,Screening,1,-14,2026-01-12,COMPLETED
SUBJ035,BASELINE,Baseline,2,1,2026-01-18,COMPLETED
SUBJ035,WEEK4,Week 4,3,29,2026-02-14,COMPLETED
SUBJ035,WEEK8,Week 8,4,57,2026-03-16,COMPLETED
SUBJ035,WEEK12,Week 12,5,85,2026-04-10,COMPLETED
SUBJ035,FOLLOWUP,Follow-up,6,99,2026-04-28,COMPLETED
SUBJ036,SCREEN,Screening,1,-14,2026-01-25,COMPLETED
SUBJ036,BASELINE,Baseline,2,1,2026-01-30,COMPLETED
SUBJ036,WEEK4,Week 4,3,29,2026-02-25,COMPLETED
SUBJ036,WEEK8,Week 8,4,57,2026-03-28,COMPLETED
SUBJ036,WEEK12,Week 12,5,85,2026-04-26,COMPLETED
SUBJ036,FOLLOWUP,Follow-up,6,99,2026-05-09,COMPLETED
SUBJ037,SCREEN,Screening,1,-14,2026-01-22,COMPLETED
SUBJ037,BASELINE,Baseline,2,1,2026-01-27,COMPLETED
SUBJ037,WEEK4,Week 4,3,29,2026-02-26,COMPLETED
SUBJ037,WEEK8,Week 8,4,57,2026-03-22,COMPLETED
SUBJ037,WEEK12,Week 12,5,85,2026-04-20,COMPLETED
SUBJ037,FOLLOWUP,Follow-up,6,99,2026-05-04,COMPLETED
SUBJ038,SCREEN,Screening,1,-14,2026-01-18,COMPLETED
SUBJ038,BASELINE,Baseline,2,1,2026-01-21,COMPLETED
SUBJ038,WEEK4,Week 4,3,29,2026-02-16,COMPLETED
SUBJ038,WEEK8,Week 8,4,57,2026-03-20,COMPLETED
SUBJ038,WEEK12,Week 12,5,85,2026-04-15,COMPLETED
SUBJ038,FOLLOWUP,Follow-up,6,99,2026-04-28,COMPLETED
SUBJ039,SCREEN,Screening,1,-14,2026-01-15,COMPLETED
SUBJ039,BASELINE,Baseline,2,1,2026-01-18,COMPLETED
SUBJ039,WEEK4,Week 4,3,29,2026-02-15,COMPLETED
SUBJ039,WEEK8,Week 8,4,57,2026-03-14,COMPLETED
SUBJ039,WEEK12,Week 12,5,85,2026-04-11,COMPLETED
SUBJ039,FOLLOWUP,Follow-up,6,99,2026-04-28,COMPLETED
SUBJ040,SCREEN,Screening,1,-14,2026-01-21,COMPLETED
SUBJ040,BASELINE,Baseline,2,1,2026-01-23,COMPLETED
SUBJ040,WEEK4,Week 4,3,29,2026-02-20,COMPLETED
SUBJ040,WEEK8,Week 8,4,57,2026-03-18,COMPLETED
SUBJ040,WEEK12,Week 12,5,85,2026-04-17,COMPLETED
SUBJ040,FOLLOWUP,Follow-up,6,99,2026-05-02,COMPLETED
SUBJ041,SCREEN,Screening,1,-14,2026-01-15,COMPLETED
SUBJ041,BASELINE,Baseline,2,1,2026-01-17,COMPLETED
SUBJ041,WEEK4,Week 4,3,29,2026-02-12,COMPLETED
SUBJ041,WEEK8,Week 8,4,57,2026-03-12,COMPLETED
SUBJ041,WEEK12,Week 12,5,85,2026-04-13,COMPLETED
SUBJ041,FOLLOWUP,Follow-up,6,99,2026-04-26,COMPLETED
SUBJ042,SCREEN,Screening,1,-14,2026-01-11,COMPLETED
SUBJ042,BASELINE,Baseline,2,1,2026-01-13,COMPLETED
SUBJ042,WEEK4,Week 4,3,29,2026-02-10,COMPLETED
SUBJ042,WEEK8,Week 8,4,57,2026-03-11,COMPLETED
SUBJ042,WEEK12,Week 12,5,85,2026-04-09,COMPLETED
SUBJ042,FOLLOWUP,Follow-up,6,99,2026-04-23,COMPLETED
SUBJ043,SCREEN,Screening,1,-14,2026-01-08,COMPLETED
SUBJ043,BASELINE,Baseline,2,1,2026-01-14,COMPLETED
SUBJ043,WEEK4,Week 4,3,29,2026-02-11,COMPLETED
SUBJ043,WEEK8,Week 8,4,57,2026-03-10,COMPLETED
SUBJ043,WEEK12,Week 12,5,85,2026-04-08,COMPLETED
SUBJ043,FOLLOWUP,Follow-up,6,99,2026-04-22,COMPLETED
SUBJ044,SCREEN,Screening,1,-14,2026-01-08,COMPLETED
SUBJ044,BASELINE,Baseline,2,1,2026-01-10,COMPLETED
SUBJ044,WEEK4,Week 4,3,29,2026-02-06,COMPLETED
SUBJ044,WEEK8,Week 8,4,57,2026-03-06,COMPLETED
SUBJ044,WEEK12,Week 12,5,85,2026-04-06,COMPLETED
SUBJ044,FOLLOWUP,Follow-up,6,99,2026-04-17,COMPLETED
SUBJ045,SCREEN,Screening,1,-14,2026-01-30,COMPLETED
SUBJ045,BASELINE,Baseline,2,1,2026-02-02,COMPLETED
SUBJ045,WEEK4,Week 4,3,29,2026-03-03,COMPLETED
SUBJ045,WEEK8,Week 8,4,57,2026-03-31,COMPLETED
SUBJ045,WEEK12,Week 12,5,85,2026-04-26,COMPLETED
SUBJ045,FOLLOWUP,Follow-up,6,99,2026-05-10,COMPLETED
SUBJ046,SCREEN,Screening,1,-14,2026-02-06,COMPLETED
SUBJ046,BASELINE,Baseline,2,1,2026-02-13,COMPLETED
SUBJ046,WEEK4,Week 4,3,29,2026-03-13,COMPLETED
SUBJ046,WEEK8,Week 8,4,57,2026-04-10,COMPLETED
SUBJ046,WEEK12,Week 12,5,85,2026-05-07,COMPLETED
SUBJ046,FOLLOWUP,Follow-up,6,99,2026-05-20,COMPLETED
SUBJ047,SCREEN,Screening,1,-14,2026-01-25,COMPLETED
SUBJ047,BASELINE,Baseline,2,1,2026-01-29,COMPLETED
SUBJ047,WEEK4,Week 4,3,29,2026-02-25,COMPLETED
SUBJ047,WEEK8,Week 8,4,57,2026-03-25,COMPLETED
SUBJ048,SCREEN,Screening,1,-14,2026-01-15,COMPLETED
SUBJ048,BASELINE,Baseline,2,1,2026-01-20,COMPLETED
SUBJ048,WEEK4,Week 4,3,29,2026-02-15,COMPLETED
SUBJ048,WEEK8,Week 8,4,57,2026-03-17,COMPLETED
SUBJ048,WEEK12,Week 12,5,85,2026-04-14,COMPLETED
SUBJ048,FOLLOWUP,Follow-up,6,99,2026-04-27,COMPLETED
SUBJ049,SCREEN,Screening,1,-14,2026-01-18,COMPLETED
SUBJ049,BASELINE,Baseline,2,1,2026-01-22,COMPLETED
SUBJ049,WEEK4,Week 4,3,29,2026-02-17,COMPLETED
SUBJ049,WEEK8,Week 8,4,57,2026-03-18,COMPLETED
SUBJ049,WEEK12,Week 12,5,85,2026-04-17,COMPLETED
SUBJ049,FOLLOWUP,Follow-up,6,99,2026-04-29,COMPLETED
SUBJ050,SCREEN,Screening,1,-14,2026-01-19,COMPLETED
SUBJ050,BASELINE,Baseline,2,1,2026-01-24,COMPLETED
SUBJ050,WEEK4,Week 4,3,29,2026-02-20,COMPLETED
SUBJ050,WEEK8,Week 8,4,57,2026-03-23,COMPLETED
SUBJ050,WEEK12,Week 12,5,85,2026-04-19,COMPLETED
SUBJ050,FOLLOWUP,Follow-up,6,99,2026-05-02,COMPLETED
SUBJ051,SCREEN,Screening,1,-14,2026-02-07,COMPLETED
SUBJ051,BASELINE,Baseline,2,1,2026-02-09,COMPLETED
SUBJ051,WEEK4,Week 4,3,29,2026-03-09,COMPLETED
SUBJ051,WEEK8,Week 8,4,57,2026-04-08,COMPLETED
SUBJ051,WEEK12,Week 12,5,85,2026-05-02,COMPLETED
SUBJ051,FOLLOWUP,Follow-up,6,99,2026-05-19,COMPLETED
SUBJ052,SCREEN,Screening,1,-14,2026-02-04,COMPLETED
SUBJ052,BASELINE,Baseline,2,1,2026-02-06,COMPLETED
SUBJ052,WEEK4,Week 4,3,29,2026-03-08,COMPLETED
SUBJ052,WEEK8,Week 8,4,57,2026-04-04,COMPLETED
SUBJ052,WEEK12,Week 12,5,85,2026-05-01,COMPLETED
SUBJ052,FOLLOWUP,Follow-up,6,99,2026-05-16,COMPLETED
SUBJ053,SCREEN,Screening,1,-14,2026-01-10,COMPLETED
SUBJ053,BASELINE,Baseline,2,1,2026-01-17,COMPLETED
SUBJ053,WEEK4,Week 4,3,29,2026-02-14,COMPLETED
SUBJ053,WEEK8,Week 8,4,57,2026-03-12,COMPLETED
SUBJ053,WEEK12,Week 12,5,85,2026-04-10,COMPLETED
SUBJ053,FOLLOWUP,Follow-up,6,99,2026-04-26,COMPLETED
SUBJ054,SCREEN,Screening,1,-14,2026-01-28,COMPLETED
SUBJ054,BASELINE,Baseline,2,1,2026-02-04,COMPLETED
SUBJ054,WEEK4,Week 4,3,29,2026-03-06,COMPLETED
SUBJ054,WEEK8,Week 8,4,57,2026-04-03,COMPLETED
SUBJ054,WEEK12,Week 12,5,85,2026-04-28,COMPLETED
SUBJ054,FOLLOWUP,Follow-up,6,99,2026-05-14,COMPLETED
SUBJ055,SCREEN,Screening,1,-14,2026-01-31,COMPLETED
SUBJ055,BASELINE,Baseline,2,1,2026-02-04,COMPLETED
SUBJ055,WEEK4,Week 4,3,29,2026-03-02,COMPLETED
SUBJ055,WEEK8,Week 8,4,57,2026-04-02,COMPLETED
SUBJ055,WEEK12,Week 12,5,85,2026-05-01,COMPLETED
SUBJ055,FOLLOWUP,Follow-up,6,99,2026-05-11,COMPLETED
SUBJ056,SCREEN,Screening,1,-14,2026-02-04,COMPLETED
SUBJ056,BASELINE,Baseline,2,1,2026-02-06,COMPLETED
SUBJ056,WEEK4,Week 4,3,29,2026-03-07,COMPLETED
SUBJ056,WEEK8,Week 8,4,57,2026-04-03,COMPLETED
SUBJ056,WEEK12,Week 12,5,85,2026-05-03,COMPLETED
SUBJ056,FOLLOWUP,Follow-up,6,99,2026-05-13,COMPLETED
SUBJ057,SCREEN,Screening,1,-14,2026-01-12,COMPLETED
SUBJ057,BASELINE,Baseline,2,1,2026-01-14,COMPLETED
SUBJ057,WEEK4,Week 4,3,29,2026-02-09,COMPLETED
SUBJ057,WEEK8,Week 8,4,57,2026-03-13,COMPLETED
SUBJ057,WEEK12,Week 12,5,85,2026-04-06,COMPLETED
SUBJ057,FOLLOWUP,Follow-up,6,99,2026-04-21,COMPLETED
SUBJ058,SCREEN,Screening,1,-14,2026-01-08,COMPLETED
SUBJ058,BASELINE,Baseline,2,1,2026-01-14,COMPLETED
SUBJ058,WEEK4,Week 4,3,29,2026-02-13,COMPLETED
SUBJ058,WEEK8,Week 8,4,57,2026-03-11,COMPLETED
SUBJ058,WEEK12,Week 12,5,85,2026-04-09,COMPLETED
SUBJ058,FOLLOWUP,Follow-up,6,99,2026-04-20,COMPLETED
SUBJ059,SCREEN,Screening,1,-14,2026-02-07,COMPLETED
SUBJ059,BASELINE,Baseline,2,1,2026-02-14,COMPLETED
SUBJ059,WEEK4,Week 4,3,29,2026-03-16,COMPLETED
SUBJ059,WEEK8,Week 8,4,57,2026-04-09,COMPLETED
SUBJ059,WEEK12,Week 12,5,85,2026-05-11,COMPLETED
SUBJ059,FOLLOWUP,Follow-up,6,99,2026-05-25,COMPLETED
SUBJ060,SCREEN,Screening,1,-14,2026-02-04,COMPLETED
SUBJ060,BASELINE,Baseline,2,1,2026-02-07,COMPLETED
SUBJ060,WEEK4,Week 4,3,29,2026-03-05,COMPLETED
SUBJ060,WEEK8,Week 8,4,57,2026-04-02,COMPLETED
SUBJ060,WEEK12,Week 12,5,85,2026-04-30,COMPLETED
SUBJ060,FOLLOWUP,Follow-up,6,99,2026-05-17,COMPLETED
SUBJ061,SCREEN,Screening,1,-14,2026-01-22,COMPLETED
SUBJ061,BASELINE,Baseline,2,1,2026-01-28,COMPLETED
SUBJ061,WEEK4,Week 4,3,29,2026-02-27,COMPLETED
SUBJ061,WEEK8,Week 8,4,57,2026-03-27,COMPLETED
SUBJ061,WEEK12,Week 12,5,85,2026-04-20,COMPLETED
SUBJ061,FOLLOWUP,Follow-up,6,99,2026-05-08,COMPLETED
SUBJ062,SCREEN,Screening,1,-14,2026-02-06,COMPLETED
SUBJ062,BASELINE,Baseline,2,1,2026-02-09,COMPLETED
SUBJ062,WEEK4,Week 4,3,29,2026-03-11,COMPLETED
SUBJ062,WEEK8,Week 8,4,57,2026-04-06,COMPLETED
SUBJ062,WEEK12,Week 12,5,85,2026-05-06,COMPLETED
SUBJ062,FOLLOWUP,Follow-up,6,99,2026-05-20,COMPLETED
SUBJ063,SCREEN,Screening,1,-14,2026-01-11,COMPLETED
SUBJ063,BASELINE,Baseline,2,1,2026-01-18,COMPLETED
SUBJ063,WEEK4,Week 4,3,29,2026-02-17,COMPLETED
SUBJ063,WEEK8,Week 8,4,57,2026-03-16,COMPLETED
SUBJ063,WEEK12,Week 12,5,85,2026-04-10,COMPLETED
SUBJ063,FOLLOWUP,Follow-up,6,99,2026-04-25,COMPLETED
SUBJ064,SCREEN,Screening,1,-14,2026-01-06,COMPLETED
SUBJ064,BASELINE,Baseline,2,1,2026-01-08,COMPLETED
SUBJ064,WEEK4,Week 4,3,29,2026-02-06,COMPLETED
SUBJ064,WEEK8,Week 8,4,57,2026-03-04,COMPLETED
SUBJ064,WEEK12,Week 12,5,85,2026-03-31,COMPLETED
SUBJ064,FOLLOWUP,Follow-up,6,99,2026-04-17,COMPLETED
SUBJ065,SCREEN,Screening,1,-14,2026-01-19,COMPLETED
SUBJ065,BASELINE,Baseline,2,1,2026-01-24,COMPLETED
SUBJ065,WEEK4,Week 4,3,29,2026-02-23,COMPLETED
SUBJ065,WEEK8,Week 8,4,57,2026-03-21,COMPLETED
SUBJ065,WEEK12,Week 12,5,85,2026-04-16,COMPLETED
SUBJ065,FOLLOWUP,Follow-up,6,99,2026-05-01,COMPLETED
SUBJ066,SCREEN,Screening,1,-14,2026-01-17,COMPLETED
SUBJ066,BASELINE,Baseline,2,1,2026-01-20,COMPLETED
SUBJ066,WEEK4,Week 4,3,29,2026-02-15,COMPLETED
SUBJ066,WEEK8,Week 8,4,57,2026-03-16,COMPLETED
SUBJ066,WEEK12,Week 12,5,85,2026-04-14,COMPLETED
SUBJ066,FOLLOWUP,Follow-up,6,99,2026-04-28,COMPLETED
SUBJ067,SCREEN,Screening,1,-14,2026-01-26,COMPLETED
SUBJ067,BASELINE,Baseline,2,1,2026-02-02,COMPLETED
SUBJ067,WEEK4,Week 4,3,29,2026-02-28,COMPLETED
SUBJ067,WEEK8,Week 8,4,57,2026-03-29,COMPLETED
SUBJ067,WEEK12,Week 12,5,85,2026-04-25,COMPLETED
SUBJ067,FOLLOWUP,Follow-up,6,99,2026-05-13,COMPLETED
SUBJ068,SCREEN,Screening,1,-14,2026-01-06,COMPLETED
SUBJ068,BASELINE,Baseline,2,1,2026-01-11,COMPLETED
SUBJ068,WEEK4,Week 4,3,29,2026-02-08,COMPLETED
SUBJ068,WEEK8,Week 8,4,57,2026-03-06,COMPLETED
SUBJ068,WEEK12,Week 12,5,85,2026-04-05,COMPLETED
SUBJ068,FOLLOWUP,Follow-up,6,99,2026-04-20,COMPLETED
SUBJ069,SCREEN,Screening,1,-14,2026-01-27,COMPLETED
SUBJ069,BASELINE,Baseline,2,1,2026-01-29,COMPLETED
SUBJ069,WEEK4,Week 4,3,29,2026-02-25,COMPLETED
SUBJ069,WEEK8,Week 8,4,57,2026-03-28,COMPLETED
SUBJ069,WEEK12,Week 12,5,85,2026-04-24,COMPLETED
SUBJ069,FOLLOWUP,Follow-up,6,99,2026-05-06,COMPLETED
SUBJ070,SCREEN,Screening,1,-14,2026-01-14,COMPLETED
SUBJ070,BASELINE,Baseline,2,1,2026-01-16,COMPLETED
SUBJ070,WEEK4,Week 4,3,29,2026-02-15,COMPLETED
SUBJ070,WEEK8,Week 8,4,57,2026-03-15,COMPLETED
SUBJ070,WEEK12,Week 12,5,85,2026-04-09,COMPLETED
SUBJ070,FOLLOWUP,Follow-up,6,99,2026-04-25,COMPLETED
SUBJ071,SCREEN,Screening,1,-14,2026-02-01,COMPLETED
SUBJ071,BASELINE,Baseline,2,1,2026-02-08,COMPLETED
SUBJ071,WEEK4,Week 4,3,29,2026-03-08,COMPLETED
SUBJ071,WEEK8,Week 8,4,57,2026-04-04,COMPLETED
SUBJ071,WEEK12,Week 12,5,85,2026-05-02,COMPLETED
SUBJ071,FOLLOWUP,Follow-up,6,99,2026-05-15,COMPLETED
SUBJ072,SCREEN,Screening,1,-14,2026-01-25,COMPLETED
SUBJ072,BASELINE,Baseline,2,1,2026-01-31,COMPLETED
SUBJ072,WEEK4,Week 4,3,29,2026-02-28,COMPLETED
SUBJ073,SCREEN,Screening,1,-14,2026-01-15,COMPLETED
SUBJ073,BASELINE,Baseline,2,1,2026-01-19,COMPLETED
SUBJ073,WEEK4,Week 4,3,29,2026-02-14,COMPLETED
SUBJ073,WEEK8,Week 8,4,57,2026-03-18,COMPLETED
SUBJ074,SCREEN,Screening,1,-14,2026-01-18,COMPLETED
SUBJ074,BASELINE,Baseline,2,1,2026-01-21,COMPLETED
SUBJ074,WEEK4,Week 4,3,29,2026-02-19,COMPLETED
SUBJ074,WEEK8,Week 8,4,57,2026-03-18,COMPLETED
SUBJ074,WEEK12,Week 12,5,85,2026-04-15,COMPLETED
SUBJ074,FOLLOWUP,Follow-up,6,99,2026-04-28,COMPLETED
SUBJ075,SCREEN,Screening,1,-14,2026-02-01,COMPLETED
SUBJ075,BASELINE,Baseline,2,1,2026-02-06,COMPLETED
SUBJ075,WEEK4,Week 4,3,29,2026-03-08,COMPLETED
SUBJ075,WEEK8,Week 8,4,57,2026-04-03,COMPLETED
SUBJ075,WEEK12,Week 12,5,85,2026-04-29,COMPLETED
SUBJ075,FOLLOWUP,Follow-up,6,99,2026-05-16,COMPLETED
SUBJ076,SCREEN,Screening,1,-14,2026-02-04,COMPLETED
SUBJ076,BASELINE,Baseline,2,1,2026-02-10,COMPLETED
SUBJ076,WEEK4,Week 4,3,29,2026-03-08,COMPLETED
SUBJ076,WEEK8,Week 8,4,57,2026-04-09,COMPLETED
SUBJ076,WEEK12,Week 12,5,85,2026-05-03,COMPLETED
SUBJ076,FOLLOWUP,Follow-up,6,99,2026-05-17,COMPLETED
SUBJ077,SCREEN,Screening,1,-14,2026-01-28,COMPLETED
SUBJ077,BASELINE,Baseline,2,1,2026-02-03,COMPLETED
SUBJ077,WEEK4,Week 4,3,29,2026-03-01,COMPLETED
SUBJ078,SCREEN,Screening,1,-14,2026-02-02,COMPLETED
SUBJ078,BASELINE,Baseline,2,1,2026-02-05,COMPLETED
SUBJ078,WEEK4,Week 4,3,29,2026-03-06,COMPLETED
SUBJ078,WEEK8,Week 8,4,57,2026-03-31,COMPLETED
SUBJ078,WEEK12,Week 12,5,85,2026-04-29,COMPLETED
SUBJ078,FOLLOWUP,Follow-up,6,99,2026-05-15,COMPLETED
SUBJ079,SCREEN,Screening,1,-14,2026-02-08,COMPLETED
SUBJ079,BASELINE,Baseline,2,1,2026-02-13,COMPLETED
SUBJ079,WEEK4,Week 4,3,29,2026-03-13,COMPLETED
SUBJ079,WEEK8,Week 8,4,57,2026-04-09,COMPLETED
SUBJ080,SCREEN,Screening,1,-14,2026-01-26,COMPLETED
SUBJ080,BASELINE,Baseline,2,1,2026-01-28,COMPLETED
SUBJ080,WEEK4,Week 4,3,29,2026-02-27,COMPLETED
SUBJ080,WEEK8,Week 8,4,57,2026-03-27,COMPLETED
SUBJ081,SCREEN,Screening,1,-14,2026-01-27,COMPLETED
SUBJ081,BASELINE,Baseline,2,1,2026-01-30,COMPLETED
SUBJ081,WEEK4,Week 4,3,29,2026-02-26,COMPLETED
SUBJ081,WEEK8,Week 8,4,57,2026-03-29,COMPLETED
SUBJ082,SCREEN,Screening,1,-14,2026-01-06,COMPLETED
SUBJ082,BASELINE,Baseline,2,1,2026-01-13,COMPLETED
SUBJ082,WEEK4,Week 4,3,29,2026-02-12,COMPLETED
SUBJ083,SCREEN,Screening,1,-14,2026-01-14,COMPLETED
SUBJ083,BASELINE,Baseline,2,1,2026-01-18,COMPLETED
SUBJ083,WEEK4,Week 4,3,29,2026-02-14,COMPLETED
SUBJ083,WEEK8,Week 8,4,57,2026-03-15,COMPLETED
SUBJ083,WEEK12,Week 12,5,85,2026-04-11,COMPLETED
SUBJ083,FOLLOWUP,Follow-up,6,99,2026-04-24,COMPLETED
SUBJ084,SCREEN,Screening,1,-14,2026-01-10,COMPLETED
SUBJ084,BASELINE,Baseline,2,1,2026-01-16,COMPLETED
SUBJ084,WEEK4,Week 4,3,29,2026-02-13,COMPLETED
SUBJ084,WEEK8,Week 8,4,57,2026-03-12,COMPLETED
SUBJ084,WEEK12,Week 12,5,85,2026-04-09,COMPLETED
SUBJ084,FOLLOWUP,Follow-up,6,99,2026-04-22,COMPLETED
SUBJ085,SCREEN,Screening,1,-14,2026-01-05,COMPLETED
SUBJ085,BASELINE,Baseline,2,1,2026-01-07,COMPLETED
SUBJ085,WEEK4,Week 4,3,29,2026-02-04,COMPLETED
SUBJ085,WEEK8,Week 8,4,57,2026-03-03,COMPLETED
SUBJ085,WEEK12,Week 12,5,85,2026-04-03,COMPLETED
SUBJ085,FOLLOWUP,Follow-up,6,99,2026-04-17,COMPLETED
SUBJ086,SCREEN,Screening,1,-14,2026-01-07,COMPLETED
SUBJ086,BASELINE,Baseline,2,1,2026-01-13,COMPLETED
SUBJ086,WEEK4,Week 4,3,29,2026-02-10,COMPLETED
SUBJ086,WEEK8,Week 8,4,57,2026-03-08,COMPLETED
SUBJ086,WEEK12,Week 12,5,85,2026-04-08,COMPLETED
SUBJ086,FOLLOWUP,Follow-up,6,99,2026-04-21,COMPLETED
SUBJ087,SCREEN,Screening,1,-14,2026-01-23,COMPLETED
SUBJ087,BASELINE,Baseline,2,1,2026-01-28,COMPLETED
SUBJ087,WEEK4,Week 4,3,29,2026-02-24,COMPLETED
SUBJ087,WEEK8,Week 8,4,57,2026-03-25,COMPLETED
SUBJ087,WEEK12,Week 12,5,85,2026-04-24,COMPLETED
SUBJ087,FOLLOWUP,Follow-up,6,99,2026-05-08,COMPLETED
SUBJ088,SCREEN,Screening,1,-14,2026-02-06,COMPLETED
SUBJ088,BASELINE,Baseline,2,1,2026-02-12,COMPLETED
SUBJ088,WEEK4,Week 4,3,29,2026-03-13,COMPLETED
SUBJ088,WEEK8,Week 8,4,57,2026-04-11,COMPLETED
SUBJ088,WEEK12,Week 12,5,85,2026-05-07,COMPLETED
SUBJ088,FOLLOWUP,Follow-up,6,99,2026-05-20,COMPLETED
SUBJ089,SCREEN,Screening,1,-14,2026-01-07,COMPLETED
SUBJ089,BASELINE,Baseline,2,1,2026-01-11,COMPLETED
SUBJ089,WEEK4,Week 4,3,29,2026-02-10,COMPLETED
SUBJ089,WEEK8,Week 8,4,57,2026-03-10,COMPLETED
SUBJ089,WEEK12,Week 12,5,85,2026-04-07,COMPLETED
SUBJ089,FOLLOWUP,Follow-up,6,99,2026-04-19,COMPLETED
SUBJ090,SCREEN,Screening,1,-14,2026-01-08,COMPLETED
SUBJ090,BASELINE,Baseline,2,1,2026-01-13,COMPLETED
SUBJ090,WEEK4,Week 4,3,29,2026-02-08,COMPLETED
SUBJ090,WEEK8,Week 8,4,57,2026-03-09,COMPLETED
SUBJ090,WEEK12,Week 12,5,85,2026-04-08,COMPLETED
SUBJ090,FOLLOWUP,Follow-up,6,99,2026-04-20,COMPLETED
SUBJ091,SCREEN,Screening,1,-14,2026-02-08,COMPLETED
SUBJ091,BASELINE,Baseline,2,1,2026-02-15,COMPLETED
SUBJ091,WEEK4,Week 4,3,29,2026-03-17,COMPLETED
SUBJ091,WEEK8,Week 8,4,57,2026-04-14,COMPLETED
SUBJ091,WEEK12,Week 12,5,85,2026-05-10,COMPLETED
SUBJ091,FOLLOWUP,Follow-up,6,99,2026-05-22,COMPLETED
SUBJ092,SCREEN,Screening,1,-14,2026-02-05,COMPLETED
SUBJ092,BASELINE,Baseline,2,1,2026-02-12,COMPLETED
SUBJ092,WEEK4,Week 4,3,29,2026-03-13,COMPLETED
SUBJ092,WEEK8,Week 8,4,57,2026-04-11,COMPLETED
SUBJ092,WEEK12,Week 12,5,85,2026-05-06,COMPLETED
SUBJ092,FOLLOWUP,Follow-up,6,99,2026-05-22,COMPLETED
SUBJ093,SCREEN,Screening,1,-14,2026-02-01,COMPLETED
SUBJ093,BASELINE,Baseline,2,1,2026-02-07,COMPLETED
SUBJ093,WEEK4,Week 4,3,29,2026-03-07,COMPLETED
SUBJ093,WEEK8,Week 8,4,57,2026-04-06,COMPLETED
SUBJ093,WEEK12,Week 12,5,85,2026-04-30,COMPLETED
SUBJ093,FOLLOWUP,Follow-up,6,99,2026-05-18,COMPLETED
SUBJ094,SCREEN,Screening,1,-14,2026-01-28,COMPLETED
SUBJ094,BASELINE,Baseline,2,1,2026-02-01,COMPLETED
SUBJ094,WEEK4,Week 4,3,29,2026-03-01,COMPLETED
SUBJ095,SCREEN,Screening,1,-14,2026-02-01,COMPLETED
SUBJ095,BASELINE,Baseline,2,1,2026-02-06,COMPLETED
SUBJ095,WEEK4,Week 4,3,29,2026-03-08,COMPLETED
SUBJ095,WEEK8,Week 8,4,57,2026-04-05,COMPLETED
SUBJ095,WEEK12,Week 12,5,85,2026-04-30,COMPLETED
SUBJ095,FOLLOWUP,Follow-up,6,99,2026-05-14,COMPLETED
SUBJ096,SCREEN,Screening,1,-14,2026-01-24,COMPLETED
SUBJ096,BASELINE,Baseline,2,1,2026-01-30,COMPLETED
SUBJ096,WEEK4,Week 4,3,29,2026-02-28,COMPLETED
SUBJ096,WEEK8,Week 8,4,57,2026-03-27,COMPLETED
SUBJ096,WEEK12,Week 12,5,85,2026-04-25,COMPLETED
SUBJ096,FOLLOWUP,Follow-up,6,99,2026-05-08,COMPLETED
SUBJ097,SCREEN,Screening,1,-14,2026-01-11,COMPLETED
SUBJ097,BASELINE,Baseline,2,1,2026-01-13,COMPLETED
SUBJ097,WEEK4,Week 4,3,29,2026-02-08,COMPLETED
SUBJ098,SCREEN,Screening,1,-14,2026-01-09,COMPLETED
SUBJ098,BASELINE,Baseline,2,1,2026-01-12,COMPLETED
SUBJ098,WEEK4,Week 4,3,29,2026-02-09,COMPLETED
SUBJ098,WEEK8,Week 8,4,57,2026-03-08,COMPLETED
SUBJ098,WEEK12,Week 12,5,85,2026-04-06,COMPLETED
SUBJ098,FOLLOWUP,Follow-up,6,99,2026-04-18,COMPLETED
SUBJ099,SCREEN,Screening,1,-14,2026-01-18,COMPLETED
SUBJ099,BASELINE,Baseline,2,1,2026-01-20,COMPLETED
SUBJ099,WEEK4,Week 4,3,29,2026-02-17,COMPLETED
SUBJ100,SCREEN,Screening,1,-14,2026-01-18,COMPLETED
SUBJ100,BASELINE,Baseline,2,1,2026-01-22,COMPLETED
SUBJ100,WEEK4,Week 4,3,29,2026-02-18,COMPLETED
SUBJ100,WEEK8,Week 8,4,57,2026-03-18,COMPLETED
SUBJ100,WEEK12,Week 12,5,85,2026-04-14,COMPLETED
SUBJ100,FOLLOWUP,Follow-up,6,99,2026-05-02,COMPLETED
SUBJ101,SCREEN,Screening,1,-14,2026-02-05,COMPLETED
SUBJ101,BASELINE,Baseline,2,1,2026-02-09,COMPLETED
SUBJ101,WEEK4,Week 4,3,29,2026-03-09,COMPLETED
SUBJ101,WEEK8,Week 8,4,57,2026-04-06,COMPLETED
SUBJ101,WEEK12,Week 12,5,85,2026-05-05,COMPLETED
SUBJ101,FOLLOWUP,Follow-up,6,99,2026-05-20,COMPLETED
SUBJ102,SCREEN,Screening,1,-14,2026-01-07,COMPLETED
SUBJ102,BASELINE,Baseline,2,1,2026-01-12,COMPLETED
SUBJ102,WEEK4,Week 4,3,29,2026-02-10,COMPLETED
SUBJ102,WEEK8,Week 8,4,57,2026-03-09,COMPLETED
SUBJ103,SCREEN,Screening,1,-14,2026-02-08,COMPLETED
SUBJ103,BASELINE,Baseline,2,1,2026-02-12,COMPLETED
SUBJ103,WEEK4,Week 4,3,29,2026-03-13,COMPLETED
SUBJ103,WEEK8,Week 8,4,57,2026-04-07,COMPLETED
SUBJ103,WEEK12,Week 12,5,85,2026-05-06,COMPLETED
SUBJ103,FOLLOWUP,Follow-up,6,99,2026-05-23,COMPLETED
SUBJ104,SCREEN,Screening,1,-14,2026-01-28,COMPLETED
SUBJ104,BASELINE,Baseline,2,1,2026-01-31,COMPLETED
SUBJ104,WEEK4,Week 4,3,29,2026-02-27,COMPLETED
SUBJ104,WEEK8,Week 8,4,57,2026-03-29,COMPLETED
SUBJ104,WEEK12,Week 12,5,85,2026-04-24,COMPLETED
SUBJ104,FOLLOWUP,Follow-up,6,99,2026-05-09,COMPLETED
SUBJ105,SCREEN,Screening,1,-14,2026-02-06,COMPLETED
SUBJ105,BASELINE,Baseline,2,1,2026-02-09,COMPLETED
SUBJ105,WEEK4,Week 4,3,29,2026-03-07,COMPLETED
SUBJ105,WEEK8,Week 8,4,57,2026-04-08,COMPLETED
SUBJ105,WEEK12,Week 12,5,85,2026-05-03,COMPLETED
SUBJ105,FOLLOWUP,Follow-up,6,99,2026-05-19,COMPLETED
SUBJ106,SCREEN,Screening,1,-14,2026-01-23,COMPLETED
SUBJ106,BASELINE,Baseline,2,1,2026-01-30,COMPLETED
SUBJ106,WEEK4,Week 4,3,29,2026-02-28,COMPLETED
SUBJ106,WEEK8,Week 8,4,57,2026-03-27,COMPLETED
SUBJ106,WEEK12,Week 12,5,85,2026-04-22,COMPLETED
SUBJ106,FOLLOWUP,Follow-up,6,99,2026-05-07,COMPLETED
SUBJ107,SCREEN,Screening,1,-14,2026-01-05,COMPLETED
SUBJ107,BASELINE,Baseline,2,1,2026-01-08,COMPLETED
SUBJ107,WEEK4,Week 4,3,29,2026-02-05,COMPLETED
SUBJ108,SCREEN,Screening,1,-14,2026-02-07,COMPLETED
SUBJ108,BASELINE,Baseline,2,1,2026-02-11,COMPLETED
SUBJ108,WEEK4,Week 4,3,29,2026-03-12,COMPLETED
SUBJ108,WEEK8,Week 8,4,57,2026-04-10,COMPLETED
SUBJ108,WEEK12,Week 12,5,85,2026-05-04,COMPLETED
SUBJ108,FOLLOWUP,Follow-up,6,99,2026-05-22,COMPLETED
SUBJ109,SCREEN,Screening,1,-14,2026-01-10,COMPLETED
SUBJ109,BASELINE,Baseline,2,1,2026-01-12,COMPLETED
SUBJ109,WEEK4,Week 4,3,29,2026-02-09,COMPLETED
SUBJ109,WEEK8,Week 8,4,57,2026-03-10,COMPLETED
SUBJ109,WEEK12,Week 12,5,85,2026-04-04,COMPLETED
SUBJ109,FOLLOWUP,Follow-up,6,99,2026-04-19,COMPLETED
SUBJ110,SCREEN,Screening,1,-14,2026-01-13,COMPLETED
SUBJ110,BASELINE,Baseline,2,1,2026-01-18,COMPLETED
SUBJ110,WEEK4,Week 4,3,29,2026-02-17,COMPLETED
SUBJ110,WEEK8,Week 8,4,57,2026-03-13,COMPLETED
SUBJ110,WEEK12,Week 12,5,85,2026-04-12,COMPLETED
SUBJ110,FOLLOWUP,Follow-up,6,99,2026-04-26,COMPLETED
SUBJ111,SCREEN,Screening,1,-14,2026-01-17,COMPLETED
SUBJ111,BASELINE,Baseline,2,1,2026-01-24,COMPLETED
SUBJ111,WEEK4,Week 4,3,29,2026-02-23,COMPLETED
SUBJ111,WEEK8,Week 8,4,57,2026-03-21,COMPLETED
SUBJ111,WEEK12,Week 12,5,85,2026-04-18,COMPLETED
SUBJ111,FOLLOWUP,Follow-up,6,99,2026-05-01,COMPLETED
SUBJ112,SCREEN,Screening,1,-14,2026-01-22,COMPLETED
SUBJ112,BASELINE,Baseline,2,1,2026-01-25,COMPLETED
SUBJ112,WEEK4,Week 4,3,29,2026-02-20,COMPLETED
SUBJ112,WEEK8,Week 8,4,57,2026-03-21,COMPLETED
SUBJ112,WEEK12,Week 12,5,85,2026-04-17,COMPLETED
SUBJ112,FOLLOWUP,Follow-up,6,99,2026-05-01,COMPLETED
SUBJ113,SCREEN,Screening,1,-14,2026-01-29,COMPLETED
SUBJ113,BASELINE,Baseline,2,1,2026-01-31,COMPLETED
SUBJ113,WEEK4,Week 4,3,29,2026-02-28,COMPLETED
SUBJ113,WEEK8,Week 8,4,57,2026-03-29,COMPLETED
SUBJ113,WEEK12,Week 12,5,85,2026-04-24,COMPLETED
SUBJ113,FOLLOWUP,Follow-up,6,99,2026-05-07,COMPLETED
SUBJ114,SCREEN,Screening,1,-14,2026-01-27,COMPLETED
SUBJ114,BASELINE,Baseline,2,1,2026-02-01,COMPLETED
SUBJ114,WEEK4,Week 4,3,29,2026-02-27,COMPLETED
SUBJ114,WEEK8,Week 8,4,57,2026-03-29,COMPLETED
SUBJ114,WEEK12,Week 12,5,85,2026-04-28,COMPLETED
SUBJ114,FOLLOWUP,Follow-up,6,99,2026-05-08,COMPLETED
SUBJ115,SCREEN,Screening,1,-14,2026-01-25,COMPLETED
SUBJ115,BASELINE,Baseline,2,1,2026-01-29,COMPLETED
SUBJ115,WEEK4,Week 4,3,29,2026-02-27,COMPLETED
SUBJ115,WEEK8,Week 8,4,57,2026-03-28,COMPLETED
SUBJ115,WEEK12,Week 12,5,85,2026-04-24,COMPLETED
SUBJ115,FOLLOWUP,Follow-up,6,99,2026-05-07,COMPLETED
SUBJ116,SCREEN,Screening,1,-14,2026-02-05,COMPLETED
SUBJ116,BASELINE,Baseline,2,1,2026-02-12,COMPLETED
SUBJ116,WEEK4,Week 4,3,29,2026-03-12,COMPLETED
SUBJ116,WEEK8,Week 8,4,57,2026-04-08,COMPLETED
SUBJ116,WEEK12,Week 12,5,85,2026-05-08,COMPLETED
SUBJ116,FOLLOWUP,Follow-up,6,99,2026-05-20,COMPLETED
SUBJ117,SCREEN,Screening,1,-14,2026-01-12,COMPLETED
SUBJ117,BASELINE,Baseline,2,1,2026-01-14,COMPLETED
SUBJ117,WEEK4,Week 4,3,29,2026-02-12,COMPLETED
SUBJ117,WEEK8,Week 8,4,57,2026-03-09,COMPLETED
SUBJ117,WEEK12,Week 12,5,85,2026-04-08,COMPLETED
SUBJ117,FOLLOWUP,Follow-up,6,99,2026-04-21,COMPLETED
SUBJ118,SCREEN,Screening,1,-14,2026-01-29,COMPLETED
SUBJ118,BASELINE,Baseline,2,1,2026-02-03,COMPLETED
SUBJ118,WEEK4,Week 4,3,29,2026-03-04,COMPLETED
SUBJ118,WEEK8,Week 8,4,57,2026-03-31,COMPLETED
SUBJ118,WEEK12,Week 12,5,85,2026-04-27,COMPLETED
SUBJ118,FOLLOWUP,Follow-up,6,99,2026-05-12,COMPLETED
SUBJ119,SCREEN,Screening,1,-14,2026-01-14,COMPLETED
SUBJ119,BASELINE,Baseline,2,1,2026-01-17,COMPLETED
SUBJ119,WEEK4,Week 4,3,29,2026-02-14,COMPLETED
SUBJ119,WEEK8,Week 8,4,57,2026-03-15,COMPLETED
SUBJ120,SCREEN,Screening,1,-14,2026-02-03,COMPLETED
SUBJ120,BASELINE,Baseline,2,1,2026-02-09,COMPLETED
SUBJ120,WEEK4,Week 4,3,29,2026-03-10,COMPLETED
SUBJ120,WEEK8,Week 8,4,57,2026-04-07,COMPLETED
SUBJ120,WEEK12,Week 12,5,85,2026-05-06,COMPLETED
SUBJ120,FOLLOWUP,Follow-up,6,99,2026-05-16,COMPLETED
